Transaction Date,Fee Classification,Fee Name,Order No.,Order Item No.,Amount,WHT Amount,Statement,Payment Ref ID
2026-01-02,Orders-Sales,Item Price Credit,747557871,747557871-1,62.50,0.00,2026-01-31,PAY-SG-20260131
2026-01-02,Orders-Lazada Fees,Commission,747557871,747557871-1,-2.81,0.00,2026-01-31,PAY-SG-20260131
2026-01-02,Orders-Lazada Fees,Payment Fee,747557871,747557871-1,-2.04,0.00,2026-01-31,PAY-SG-20260131
2026-01-02,Orders-Logistics,Shipping Fee (Paid By Customer),747557871,747557871-1,2.50,0.00,2026-01-31,PAY-SG-20260131
2026-01-02,Orders-Logistics,Shipping Fee Paid by Seller,747557871,747557871-1,-2.87,0.00,2026-01-31,PAY-SG-20260131
2026-01-02,Orders-Sales,Item Price Credit,752869702,752869702-1,35.90,0.00,2026-01-31,PAY-SG-20260131
2026-01-02,Orders-Marketing Fees,Seller Funded Marketing Voucher,752869702,752869702-1,-1.79,0.00,2026-01-31,PAY-SG-20260131
2026-01-02,Orders-Marketing Fees,Lazcoin discount,752869702,752869702-1,-0.72,0.00,2026-01-31,PAY-SG-20260131
2026-01-02,Orders-Marketing Fees,Promotional Charges Flexi-Combo,752869702,752869702-1,-2.87,0.00,2026-01-31,PAY-SG-20260131
2026-01-02,Orders-Lazada Fees,Commission,752869702,752869702-1,-1.53,0.00,2026-01-31,PAY-SG-20260131
2026-01-02,Orders-Lazada Fees,Payment Fee,752869702,752869702-1,-1.17,0.00,2026-01-31,PAY-SG-20260131
2026-01-02,Orders-Logistics,Shipping Fee (Paid By Customer),752869702,752869702-1,2.50,0.00,2026-01-31,PAY-SG-20260131
2026-01-02,Orders-Logistics,Shipping Fee Paid by Seller,752869702,752869702-1,-2.87,0.00,2026-01-31,PAY-SG-20260131
2026-01-02,Orders-Logistics,Shipping Fee Voucher (by Lazada),752869702,752869702-1,1.25,0.00,2026-01-31,PAY-SG-20260131
2026-01-02,Orders-Sales,Item Price Credit,774040146,774040146-1,35.90,0.00,2026-01-31,PAY-SG-20260131
2026-01-02,Orders-Marketing Fees,Lazcoin discount,774040146,774040146-1,-0.72,0.00,2026-01-31,PAY-SG-20260131
2026-01-02,Orders-Marketing Fees,Promotional Charges Flexi-Combo,774040146,774040146-1,-2.87,0.00,2026-01-31,PAY-SG-20260131
2026-01-02,Orders-Lazada Fees,Commission,774040146,774040146-1,-1.62,0.00,2026-01-31,PAY-SG-20260131
2026-01-02,Orders-Lazada Fees,Payment Fee,774040146,774040146-1,-1.17,0.00,2026-01-31,PAY-SG-20260131
2026-01-02,Orders-Logistics,Shipping Fee (Paid By Customer),774040146,774040146-1,2.50,0.00,2026-01-31,PAY-SG-20260131
2026-01-02,Orders-Logistics,Shipping Fee Paid by Seller,774040146,774040146-1,-2.87,0.00,2026-01-31,PAY-SG-20260131
2026-01-02,Orders-Sales,Item Price Credit,793200642,793200642-1,12.90,0.00,2026-01-31,PAY-SG-20260131
2026-01-02,Orders-Lazada Fees,Commission,793200642,793200642-1,-0.58,0.00,2026-01-31,PAY-SG-20260131
2026-01-02,Orders-Lazada Fees,Payment Fee,793200642,793200642-1,-0.42,0.00,2026-01-31,PAY-SG-20260131
2026-01-02,Orders-Logistics,Shipping Fee (Paid By Customer),793200642,793200642-1,2.50,0.00,2026-01-31,PAY-SG-20260131
2026-01-02,Orders-Logistics,Shipping Fee Paid by Seller,793200642,793200642-1,-2.87,0.00,2026-01-31,PAY-SG-20260131
2026-01-02,Orders-Sales,Item Price Credit,794412114,794412114-1,210.00,0.00,2026-01-31,PAY-SG-20260131
2026-01-02,Orders-Marketing Fees,Seller Funded Marketing Voucher,794412114,794412114-1,-10.50,0.00,2026-01-31,PAY-SG-20260131
2026-01-02,Orders-Lazada Fees,Commission,794412114,794412114-1,-8.98,0.00,2026-01-31,PAY-SG-20260131
2026-01-02,Orders-Lazada Fees,Payment Fee,794412114,794412114-1,-6.87,0.00,2026-01-31,PAY-SG-20260131
2026-01-02,Orders-Lazada Fees,Campaign Fee,794412114,794412114-1,-3.99,0.00,2026-01-31,PAY-SG-20260131
2026-01-02,Reimbursements,Withholding tax,794412114,794412114-1,-1.99,2.00,2026-01-31,PAY-SG-20260131
2026-01-03,Orders-Sales,Item Price Credit,734309023,734309023-1,35.90,0.00,2026-01-31,PAY-SG-20260131
2026-01-03,Orders-Lazada Fees,Commission,734309023,734309023-1,-1.62,0.00,2026-01-31,PAY-SG-20260131
2026-01-03,Orders-Lazada Fees,Payment Fee,734309023,734309023-1,-1.17,0.00,2026-01-31,PAY-SG-20260131
2026-01-03,Orders-Logistics,Shipping Fee (Paid By Customer),734309023,734309023-1,3.90,0.00,2026-01-31,PAY-SG-20260131
2026-01-03,Orders-Logistics,Shipping Fee Paid by Seller,734309023,734309023-1,-4.48,0.00,2026-01-31,PAY-SG-20260131
2026-01-03,Orders-Sales,Item Price Credit,781943461,781943461-1,129.00,0.00,2026-01-31,PAY-SG-20260131
2026-01-03,Orders-Lazada Fees,Commission,781943461,781943461-1,-5.80,0.00,2026-01-31,PAY-SG-20260131
2026-01-03,Orders-Lazada Fees,Payment Fee,781943461,781943461-1,-4.22,0.00,2026-01-31,PAY-SG-20260131
2026-01-04,Orders-Sales,Item Price Credit,738204755,738204755-1,19.50,0.00,2026-01-31,PAY-SG-20260131
2026-01-04,Orders-Lazada Fees,Commission,738204755,738204755-1,-0.88,0.00,2026-01-31,PAY-SG-20260131
2026-01-04,Orders-Lazada Fees,Payment Fee,738204755,738204755-1,-0.64,0.00,2026-01-31,PAY-SG-20260131
2026-01-04,Orders-Sales,Item Price Credit,749993859,749993859-1,48.00,0.00,2026-01-31,PAY-SG-20260131
2026-01-04,Orders-Marketing Fees,Seller Funded Marketing Voucher,749993859,749993859-1,-2.40,0.00,2026-01-31,PAY-SG-20260131
2026-01-04,Orders-Lazada Fees,Commission,749993859,749993859-1,-2.05,0.00,2026-01-31,PAY-SG-20260131
2026-01-04,Orders-Lazada Fees,Payment Fee,749993859,749993859-1,-1.57,0.00,2026-01-31,PAY-SG-20260131
2026-01-04,Orders-Logistics,Shipping Fee (Paid By Customer),749993859,749993859-1,2.50,0.00,2026-01-31,PAY-SG-20260131
2026-01-04,Orders-Logistics,Shipping Fee Paid by Seller,749993859,749993859-1,-2.87,0.00,2026-01-31,PAY-SG-20260131
2026-01-04,Orders-Logistics,Shipping Fee Voucher (by Lazada),749993859,749993859-1,1.25,0.00,2026-01-31,PAY-SG-20260131
2026-01-04,Orders-Sales,Item Price Credit,774548544,774548544-1,24.00,0.00,2026-01-31,PAY-SG-20260131
2026-01-04,Orders-Lazada Fees,Commission,774548544,774548544-1,-1.08,0.00,2026-01-31,PAY-SG-20260131
2026-01-04,Orders-Lazada Fees,Payment Fee,774548544,774548544-1,-0.78,0.00,2026-01-31,PAY-SG-20260131
2026-01-04,Orders-Logistics,Shipping Fee (Paid By Customer),774548544,774548544-1,3.90,0.00,2026-01-31,PAY-SG-20260131
2026-01-04,Orders-Logistics,Shipping Fee Paid by Seller,774548544,774548544-1,-4.48,0.00,2026-01-31,PAY-SG-20260131
2026-01-04,Orders-Logistics,Shipping Fee Voucher (by Lazada),774548544,774548544-1,1.95,0.00,2026-01-31,PAY-SG-20260131
2026-01-04,Reimbursements,Withholding tax,774548544,774548544-1,-0.24,0.24,2026-01-31,PAY-SG-20260131
2026-01-04,Orders-Sales,Item Price Credit,791826396,791826396-1,129.00,0.00,2026-01-31,PAY-SG-20260131
2026-01-04,Orders-Lazada Fees,Commission,791826396,791826396-1,-5.80,0.00,2026-01-31,PAY-SG-20260131
2026-01-04,Orders-Lazada Fees,Payment Fee,791826396,791826396-1,-4.22,0.00,2026-01-31,PAY-SG-20260131
2026-01-05,Orders-Sales,Item Price Credit,717839790,717839790-1,89.00,0.00,2026-01-31,PAY-SG-20260131
2026-01-05,Orders-Lazada Fees,Commission,717839790,717839790-1,-4.00,0.00,2026-01-31,PAY-SG-20260131
2026-01-05,Orders-Lazada Fees,Payment Fee,717839790,717839790-1,-2.91,0.00,2026-01-31,PAY-SG-20260131
2026-01-05,Orders-Logistics,Shipping Fee (Paid By Customer),717839790,717839790-1,2.50,0.00,2026-01-31,PAY-SG-20260131
2026-01-05,Orders-Logistics,Shipping Fee Paid by Seller,717839790,717839790-1,-2.87,0.00,2026-01-31,PAY-SG-20260131
2026-01-05,Orders-Logistics,Shipping Fee Voucher (by Lazada),717839790,717839790-1,1.25,0.00,2026-01-31,PAY-SG-20260131
2026-01-06,Orders-Sales,Item Price Credit,718422428,718422428-1,89.00,0.00,2026-01-31,PAY-SG-20260131
2026-01-06,Orders-Lazada Fees,Commission,718422428,718422428-1,-4.00,0.00,2026-01-31,PAY-SG-20260131
2026-01-06,Orders-Lazada Fees,Payment Fee,718422428,718422428-1,-2.91,0.00,2026-01-31,PAY-SG-20260131
2026-01-07,Orders-Sales,Item Price Credit,731721748,731721748-1,19.50,0.00,2026-01-31,PAY-SG-20260131
2026-01-07,Orders-Marketing Fees,Seller Funded Marketing Voucher,731721748,731721748-1,-0.97,0.00,2026-01-31,PAY-SG-20260131
2026-01-07,Orders-Lazada Fees,Commission,731721748,731721748-1,-0.83,0.00,2026-01-31,PAY-SG-20260131
2026-01-07,Orders-Lazada Fees,Payment Fee,731721748,731721748-1,-0.64,0.00,2026-01-31,PAY-SG-20260131
2026-01-07,Orders-Logistics,Shipping Fee (Paid By Customer),731721748,731721748-1,5.00,0.00,2026-01-31,PAY-SG-20260131
2026-01-07,Orders-Logistics,Shipping Fee Paid by Seller,731721748,731721748-1,-5.75,0.00,2026-01-31,PAY-SG-20260131
2026-01-07,Orders-Sales,Item Price Credit,768596789,768596789-1,19.50,0.00,2026-01-31,PAY-SG-20260131
2026-01-07,Orders-Lazada Fees,Commission,768596789,768596789-1,-0.88,0.00,2026-01-31,PAY-SG-20260131
2026-01-07,Orders-Lazada Fees,Payment Fee,768596789,768596789-1,-0.64,0.00,2026-01-31,PAY-SG-20260131
2026-01-08,Orders-Sales,Item Price Credit,728083415,728083415-1,129.00,0.00,2026-01-31,PAY-SG-20260131
2026-01-08,Orders-Lazada Fees,Commission,728083415,728083415-1,-5.80,0.00,2026-01-31,PAY-SG-20260131
2026-01-08,Orders-Lazada Fees,Payment Fee,728083415,728083415-1,-4.22,0.00,2026-01-31,PAY-SG-20260131
2026-01-08,Orders-Logistics,Shipping Fee (Paid By Customer),728083415,728083415-1,3.90,0.00,2026-01-31,PAY-SG-20260131
2026-01-08,Orders-Logistics,Shipping Fee Paid by Seller,728083415,728083415-1,-4.48,0.00,2026-01-31,PAY-SG-20260131
2026-01-08,Orders-Logistics,Shipping Fee Voucher (by Lazada),728083415,728083415-1,1.95,0.00,2026-01-31,PAY-SG-20260131
2026-01-08,Orders-Sales,Item Price Credit,765627615,765627615-1,24.00,0.00,2026-01-31,PAY-SG-20260131
2026-01-08,Orders-Marketing Fees,Seller Funded Marketing Voucher,765627615,765627615-1,-1.20,0.00,2026-01-31,PAY-SG-20260131
2026-01-08,Orders-Lazada Fees,Commission,765627615,765627615-1,-1.03,0.00,2026-01-31,PAY-SG-20260131
2026-01-08,Orders-Lazada Fees,Payment Fee,765627615,765627615-1,-0.78,0.00,2026-01-31,PAY-SG-20260131
2026-01-08,Orders-Logistics,Shipping Fee (Paid By Customer),765627615,765627615-1,5.00,0.00,2026-01-31,PAY-SG-20260131
2026-01-08,Orders-Logistics,Shipping Fee Paid by Seller,765627615,765627615-1,-5.75,0.00,2026-01-31,PAY-SG-20260131
2026-01-09,Orders-Sales,Item Price Credit,731235606,731235606-1,89.00,0.00,2026-01-31,PAY-SG-20260131
2026-01-09,Orders-Lazada Fees,Commission,731235606,731235606-1,-4.00,0.00,2026-01-31,PAY-SG-20260131
2026-01-09,Orders-Lazada Fees,Payment Fee,731235606,731235606-1,-2.91,0.00,2026-01-31,PAY-SG-20260131
2026-01-09,Refunds-Sales,Reversal Item Price,789114520,789114520-1,-48.00,0.00,2026-01-31,PAY-SG-20260131
2026-01-09,Refunds-Lazada Fees,Reversal Commission,789114520,789114520-1,2.16,0.00,2026-01-31,PAY-SG-20260131
2026-01-10,Orders-Sales,Item Price Credit,720969570,720969570-1,62.50,0.00,2026-01-31,PAY-SG-20260131
2026-01-10,Orders-Marketing Fees,Lazcoin discount,720969570,720969570-1,-1.25,0.00,2026-01-31,PAY-SG-20260131
2026-01-10,Orders-Lazada Fees,Commission,720969570,720969570-1,-2.81,0.00,2026-01-31,PAY-SG-20260131
2026-01-10,Orders-Lazada Fees,Payment Fee,720969570,720969570-1,-2.04,0.00,2026-01-31,PAY-SG-20260131
2026-01-10,Orders-Logistics,Shipping Fee (Paid By Customer),720969570,720969570-1,5.00,0.00,2026-01-31,PAY-SG-20260131
2026-01-10,Orders-Logistics,Shipping Fee Paid by Seller,720969570,720969570-1,-5.75,0.00,2026-01-31,PAY-SG-20260131
2026-01-10,Orders-Logistics,Shipping Fee Voucher (by Lazada),720969570,720969570-1,2.50,0.00,2026-01-31,PAY-SG-20260131
2026-01-10,Reimbursements,Withholding tax,720969570,720969570-1,-0.62,0.63,2026-01-31,PAY-SG-20260131
2026-01-10,Orders-Sales,Item Price Credit,742096635,742096635-1,24.00,0.00,2026-01-31,PAY-SG-20260131
2026-01-10,Orders-Marketing Fees,Seller Funded Marketing Voucher,742096635,742096635-1,-1.20,0.00,2026-01-31,PAY-SG-20260131
2026-01-10,Orders-Lazada Fees,Commission,742096635,742096635-1,-1.03,0.00,2026-01-31,PAY-SG-20260131
2026-01-10,Orders-Lazada Fees,Payment Fee,742096635,742096635-1,-0.78,0.00,2026-01-31,PAY-SG-20260131
2026-01-10,Orders-Logistics,Shipping Fee (Paid By Customer),742096635,742096635-1,3.90,0.00,2026-01-31,PAY-SG-20260131
2026-01-10,Orders-Logistics,Shipping Fee Paid by Seller,742096635,742096635-1,-4.48,0.00,2026-01-31,PAY-SG-20260131
2026-01-10,Orders-Sales,Item Price Credit,776137126,776137126-1,24.00,0.00,2026-01-31,PAY-SG-20260131
2026-01-10,Orders-Marketing Fees,Seller Funded Marketing Voucher,776137126,776137126-1,-1.20,0.00,2026-01-31,PAY-SG-20260131
2026-01-10,Orders-Lazada Fees,Commission,776137126,776137126-1,-1.03,0.00,2026-01-31,PAY-SG-20260131
2026-01-10,Orders-Lazada Fees,Payment Fee,776137126,776137126-1,-0.78,0.00,2026-01-31,PAY-SG-20260131
2026-01-10,Orders-Logistics,Shipping Fee (Paid By Customer),776137126,776137126-1,5.00,0.00,2026-01-31,PAY-SG-20260131
2026-01-10,Orders-Logistics,Shipping Fee Paid by Seller,776137126,776137126-1,-5.75,0.00,2026-01-31,PAY-SG-20260131
2026-01-10,Orders-Sales,Item Price Credit,782432482,782432482-1,19.50,0.00,2026-01-31,PAY-SG-20260131
2026-01-10,Orders-Marketing Fees,Seller Funded Marketing Voucher,782432482,782432482-1,-0.97,0.00,2026-01-31,PAY-SG-20260131
2026-01-10,Orders-Lazada Fees,Commission,782432482,782432482-1,-0.83,0.00,2026-01-31,PAY-SG-20260131
2026-01-10,Orders-Lazada Fees,Payment Fee,782432482,782432482-1,-0.64,0.00,2026-01-31,PAY-SG-20260131
2026-01-10,Orders-Lazada Fees,Campaign Fee,782432482,782432482-1,-0.37,0.00,2026-01-31,PAY-SG-20260131
2026-01-10,Orders-Logistics,Shipping Fee (Paid By Customer),782432482,782432482-1,3.90,0.00,2026-01-31,PAY-SG-20260131
2026-01-10,Orders-Logistics,Shipping Fee Paid by Seller,782432482,782432482-1,-4.48,0.00,2026-01-31,PAY-SG-20260131
2026-01-10,Orders-Sales,Item Price Credit,783991345,783991345-1,48.00,0.00,2026-01-31,PAY-SG-20260131
2026-01-10,Orders-Lazada Fees,Commission,783991345,783991345-1,-2.16,0.00,2026-01-31,PAY-SG-20260131
2026-01-10,Orders-Lazada Fees,Payment Fee,783991345,783991345-1,-1.57,0.00,2026-01-31,PAY-SG-20260131
2026-01-11,Orders-Sales,Item Price Credit,770951337,770951337-1,210.00,0.00,2026-01-31,PAY-SG-20260131
2026-01-11,Orders-Lazada Fees,Commission,770951337,770951337-1,-9.45,0.00,2026-01-31,PAY-SG-20260131
2026-01-11,Orders-Lazada Fees,Payment Fee,770951337,770951337-1,-6.87,0.00,2026-01-31,PAY-SG-20260131
2026-01-11,Orders-Sales,Item Price Credit,777710431,777710431-1,210.00,0.00,2026-01-31,PAY-SG-20260131
2026-01-11,Orders-Marketing Fees,Lazcoin discount,777710431,777710431-1,-4.20,0.00,2026-01-31,PAY-SG-20260131
2026-01-11,Orders-Lazada Fees,Commission,777710431,777710431-1,-9.45,0.00,2026-01-31,PAY-SG-20260131
2026-01-11,Orders-Lazada Fees,Payment Fee,777710431,777710431-1,-6.87,0.00,2026-01-31,PAY-SG-20260131
2026-01-11,Orders-Logistics,Shipping Fee (Paid By Customer),777710431,777710431-1,3.90,0.00,2026-01-31,PAY-SG-20260131
2026-01-11,Orders-Logistics,Shipping Fee Paid by Seller,777710431,777710431-1,-4.48,0.00,2026-01-31,PAY-SG-20260131
2026-01-11,Orders-Logistics,Shipping Fee Voucher (by Lazada),777710431,777710431-1,1.95,0.00,2026-01-31,PAY-SG-20260131
2026-01-11,Refunds-Sales,Reversal Item Price,794412114,794412114-1,-210.00,0.00,2026-01-31,PAY-SG-20260131
2026-01-11,Refunds-Lazada Fees,Reversal Commission,794412114,794412114-1,8.98,0.00,2026-01-31,PAY-SG-20260131
2026-01-11,Refunds-Marketing Fees,Reversal Promotional Charges Vouchers,794412114,794412114-1,10.50,0.00,2026-01-31,PAY-SG-20260131
2026-01-11,Refunds-Logistics,Return shipping fees,794412114,794412114-1,-2.50,0.00,2026-01-31,PAY-SG-20260131
2026-01-12,Orders-Sales,Item Price Credit,717486787,717486787-1,62.50,0.00,2026-01-31,PAY-SG-20260131
2026-01-12,Orders-Marketing Fees,Seller Funded Marketing Voucher,717486787,717486787-1,-3.12,0.00,2026-01-31,PAY-SG-20260131
2026-01-12,Orders-Lazada Fees,Commission,717486787,717486787-1,-2.67,0.00,2026-01-31,PAY-SG-20260131
2026-01-12,Orders-Lazada Fees,Payment Fee,717486787,717486787-1,-2.04,0.00,2026-01-31,PAY-SG-20260131
2026-01-12,Orders-Sales,Item Price Credit,718686926,718686926-1,24.00,0.00,2026-01-31,PAY-SG-20260131
2026-01-12,Orders-Marketing Fees,Promotional Charges Flexi-Combo,718686926,718686926-1,-1.92,0.00,2026-01-31,PAY-SG-20260131
2026-01-12,Orders-Lazada Fees,Commission,718686926,718686926-1,-1.08,0.00,2026-01-31,PAY-SG-20260131
2026-01-12,Orders-Lazada Fees,Payment Fee,718686926,718686926-1,-0.78,0.00,2026-01-31,PAY-SG-20260131
2026-01-12,Orders-Logistics,Shipping Fee (Paid By Customer),718686926,718686926-1,2.50,0.00,2026-01-31,PAY-SG-20260131
2026-01-12,Orders-Logistics,Shipping Fee Paid by Seller,718686926,718686926-1,-2.87,0.00,2026-01-31,PAY-SG-20260131
2026-01-12,Orders-Sales,Item Price Credit,738802617,738802617-1,48.00,0.00,2026-01-31,PAY-SG-20260131
2026-01-12,Orders-Marketing Fees,Seller Funded Marketing Voucher,738802617,738802617-1,-2.40,0.00,2026-01-31,PAY-SG-20260131
2026-01-12,Orders-Lazada Fees,Commission,738802617,738802617-1,-2.05,0.00,2026-01-31,PAY-SG-20260131
2026-01-12,Orders-Lazada Fees,Payment Fee,738802617,738802617-1,-1.57,0.00,2026-01-31,PAY-SG-20260131
2026-01-12,Orders-Sales,Item Price Credit,759632723,759632723-1,210.00,0.00,2026-01-31,PAY-SG-20260131
2026-01-12,Orders-Lazada Fees,Commission,759632723,759632723-1,-9.45,0.00,2026-01-31,PAY-SG-20260131
2026-01-12,Orders-Lazada Fees,Payment Fee,759632723,759632723-1,-6.87,0.00,2026-01-31,PAY-SG-20260131
2026-01-12,Orders-Sales,Item Price Credit,768439284,768439284-1,89.00,0.00,2026-01-31,PAY-SG-20260131
2026-01-12,Orders-Lazada Fees,Commission,768439284,768439284-1,-4.00,0.00,2026-01-31,PAY-SG-20260131
2026-01-12,Orders-Lazada Fees,Payment Fee,768439284,768439284-1,-2.91,0.00,2026-01-31,PAY-SG-20260131
2026-01-12,Orders-Lazada Fees,Campaign Fee,768439284,768439284-1,-1.78,0.00,2026-01-31,PAY-SG-20260131
2026-01-12,Orders-Logistics,Shipping Fee (Paid By Customer),768439284,768439284-1,2.50,0.00,2026-01-31,PAY-SG-20260131
2026-01-12,Orders-Logistics,Shipping Fee Paid by Seller,768439284,768439284-1,-2.87,0.00,2026-01-31,PAY-SG-20260131
2026-01-12,Orders-Sales,Item Price Credit,769918585,769918585-1,12.90,0.00,2026-01-31,PAY-SG-20260131
2026-01-12,Orders-Lazada Fees,Commission,769918585,769918585-1,-0.58,0.00,2026-01-31,PAY-SG-20260131
2026-01-12,Orders-Lazada Fees,Payment Fee,769918585,769918585-1,-0.42,0.00,2026-01-31,PAY-SG-20260131
2026-01-12,Orders-Logistics,Shipping Fee (Paid By Customer),769918585,769918585-1,2.50,0.00,2026-01-31,PAY-SG-20260131
2026-01-12,Orders-Logistics,Shipping Fee Paid by Seller,769918585,769918585-1,-2.87,0.00,2026-01-31,PAY-SG-20260131
2026-01-12,Orders-Sales,Item Price Credit,779447277,779447277-1,12.90,0.00,2026-01-31,PAY-SG-20260131
2026-01-12,Orders-Lazada Fees,Commission,779447277,779447277-1,-0.58,0.00,2026-01-31,PAY-SG-20260131
2026-01-12,Orders-Lazada Fees,Payment Fee,779447277,779447277-1,-0.42,0.00,2026-01-31,PAY-SG-20260131
2026-01-13,Orders-Sales,Item Price Credit,771379188,771379188-1,35.90,0.00,2026-01-31,PAY-SG-20260131
2026-01-13,Orders-Lazada Fees,Commission,771379188,771379188-1,-1.62,0.00,2026-01-31,PAY-SG-20260131
2026-01-13,Orders-Lazada Fees,Payment Fee,771379188,771379188-1,-1.17,0.00,2026-01-31,PAY-SG-20260131
2026-01-13,Orders-Lazada Fees,Campaign Fee,771379188,771379188-1,-0.72,0.00,2026-01-31,PAY-SG-20260131
2026-01-14,Orders-Sales,Item Price Credit,720213981,720213981-1,129.00,0.00,2026-01-31,PAY-SG-20260131
2026-01-14,Orders-Lazada Fees,Commission,720213981,720213981-1,-5.80,0.00,2026-01-31,PAY-SG-20260131
2026-01-14,Orders-Lazada Fees,Payment Fee,720213981,720213981-1,-4.22,0.00,2026-01-31,PAY-SG-20260131
2026-01-14,Orders-Logistics,Shipping Fee (Paid By Customer),720213981,720213981-1,5.00,0.00,2026-01-31,PAY-SG-20260131
2026-01-14,Orders-Logistics,Shipping Fee Paid by Seller,720213981,720213981-1,-5.75,0.00,2026-01-31,PAY-SG-20260131
2026-01-14,Orders-Sales,Item Price Credit,730023043,730023043-1,24.00,0.00,2026-01-31,PAY-SG-20260131
2026-01-14,Orders-Marketing Fees,Seller Funded Marketing Voucher,730023043,730023043-1,-1.20,0.00,2026-01-31,PAY-SG-20260131
2026-01-14,Orders-Marketing Fees,Promotional Charges Flexi-Combo,730023043,730023043-1,-1.92,0.00,2026-01-31,PAY-SG-20260131
2026-01-14,Orders-Lazada Fees,Commission,730023043,730023043-1,-1.03,0.00,2026-01-31,PAY-SG-20260131
2026-01-14,Orders-Lazada Fees,Payment Fee,730023043,730023043-1,-0.78,0.00,2026-01-31,PAY-SG-20260131
2026-01-14,Orders-Logistics,Shipping Fee (Paid By Customer),730023043,730023043-1,3.90,0.00,2026-01-31,PAY-SG-20260131
2026-01-14,Orders-Logistics,Shipping Fee Paid by Seller,730023043,730023043-1,-4.48,0.00,2026-01-31,PAY-SG-20260131
2026-01-14,Orders-Sales,Item Price Credit,734840096,734840096-1,129.00,0.00,2026-01-31,PAY-SG-20260131
2026-01-14,Orders-Marketing Fees,Seller Funded Marketing Voucher,734840096,734840096-1,-6.45,0.00,2026-01-31,PAY-SG-20260131
2026-01-14,Orders-Lazada Fees,Commission,734840096,734840096-1,-5.51,0.00,2026-01-31,PAY-SG-20260131
2026-01-14,Orders-Lazada Fees,Payment Fee,734840096,734840096-1,-4.22,0.00,2026-01-31,PAY-SG-20260131
2026-01-14,Refunds-Sales,Reversal Item Price,742096635,742096635-1,-12.00,0.00,2026-01-31,PAY-SG-20260131
2026-01-14,Refunds-Lazada Fees,Reversal Commission,742096635,742096635-1,0.51,0.00,2026-01-31,PAY-SG-20260131
2026-01-14,Orders-Sales,Item Price Credit,745412291,745412291-1,89.00,0.00,2026-01-31,PAY-SG-20260131
2026-01-14,Orders-Lazada Fees,Commission,745412291,745412291-1,-4.00,0.00,2026-01-31,PAY-SG-20260131
2026-01-14,Orders-Lazada Fees,Payment Fee,745412291,745412291-1,-2.91,0.00,2026-01-31,PAY-SG-20260131
2026-01-14,Orders-Logistics,Shipping Fee (Paid By Customer),745412291,745412291-1,3.90,0.00,2026-01-31,PAY-SG-20260131
2026-01-14,Orders-Logistics,Shipping Fee Paid by Seller,745412291,745412291-1,-4.48,0.00,2026-01-31,PAY-SG-20260131
2026-01-14,Orders-Sales,Item Price Credit,793499067,793499067-1,35.90,0.00,2026-01-31,PAY-SG-20260131
2026-01-14,Orders-Lazada Fees,Commission,793499067,793499067-1,-1.62,0.00,2026-01-31,PAY-SG-20260131
2026-01-14,Orders-Lazada Fees,Payment Fee,793499067,793499067-1,-1.17,0.00,2026-01-31,PAY-SG-20260131
2026-01-14,Orders-Sales,Item Price Credit,799604444,799604444-1,210.00,0.00,2026-01-31,PAY-SG-20260131
2026-01-14,Orders-Marketing Fees,Seller Funded Marketing Voucher,799604444,799604444-1,-10.50,0.00,2026-01-31,PAY-SG-20260131
2026-01-14,Orders-Lazada Fees,Commission,799604444,799604444-1,-8.98,0.00,2026-01-31,PAY-SG-20260131
2026-01-14,Orders-Lazada Fees,Payment Fee,799604444,799604444-1,-6.87,0.00,2026-01-31,PAY-SG-20260131
2026-01-14,Orders-Lazada Fees,Campaign Fee,799604444,799604444-1,-3.99,0.00,2026-01-31,PAY-SG-20260131
2026-01-14,Orders-Logistics,Shipping Fee (Paid By Customer),799604444,799604444-1,3.90,0.00,2026-01-31,PAY-SG-20260131
2026-01-14,Orders-Logistics,Shipping Fee Paid by Seller,799604444,799604444-1,-4.48,0.00,2026-01-31,PAY-SG-20260131
2026-01-15,Orders-Sales,Item Price Credit,723706620,723706620-1,129.00,0.00,2026-01-31,PAY-SG-20260131
2026-01-15,Orders-Lazada Fees,Commission,723706620,723706620-1,-5.80,0.00,2026-01-31,PAY-SG-20260131
2026-01-15,Orders-Lazada Fees,Payment Fee,723706620,723706620-1,-4.22,0.00,2026-01-31,PAY-SG-20260131
2026-01-15,Orders-Sales,Item Price Credit,766104821,766104821-1,48.00,0.00,2026-01-31,PAY-SG-20260131
2026-01-15,Orders-Lazada Fees,Commission,766104821,766104821-1,-2.16,0.00,2026-01-31,PAY-SG-20260131
2026-01-15,Orders-Lazada Fees,Payment Fee,766104821,766104821-1,-1.57,0.00,2026-01-31,PAY-SG-20260131
2026-01-15,Orders-Sales,Item Price Credit,789180642,789180642-1,210.00,0.00,2026-01-31,PAY-SG-20260131
2026-01-15,Orders-Marketing Fees,Lazcoin discount,789180642,789180642-1,-4.20,0.00,2026-01-31,PAY-SG-20260131
2026-01-15,Orders-Lazada Fees,Commission,789180642,789180642-1,-9.45,0.00,2026-01-31,PAY-SG-20260131
2026-01-15,Orders-Lazada Fees,Payment Fee,789180642,789180642-1,-6.87,0.00,2026-01-31,PAY-SG-20260131
2026-01-15,Orders-Lazada Fees,Campaign Fee,789180642,789180642-1,-4.20,0.00,2026-01-31,PAY-SG-20260131
2026-01-15,Orders-Logistics,Shipping Fee (Paid By Customer),789180642,789180642-1,2.50,0.00,2026-01-31,PAY-SG-20260131
2026-01-15,Orders-Logistics,Shipping Fee Paid by Seller,789180642,789180642-1,-2.87,0.00,2026-01-31,PAY-SG-20260131
2026-01-15,Orders-Sales,Item Price Credit,792325218,792325218-1,48.00,0.00,2026-01-31,PAY-SG-20260131
2026-01-15,Orders-Lazada Fees,Commission,792325218,792325218-1,-2.16,0.00,2026-01-31,PAY-SG-20260131
2026-01-15,Orders-Lazada Fees,Payment Fee,792325218,792325218-1,-1.57,0.00,2026-01-31,PAY-SG-20260131
2026-01-15,Orders-Sales,Item Price Credit,792644125,792644125-1,48.00,0.00,2026-01-31,PAY-SG-20260131
2026-01-15,Orders-Marketing Fees,Lazcoin discount,792644125,792644125-1,-0.96,0.00,2026-01-31,PAY-SG-20260131
2026-01-15,Orders-Lazada Fees,Commission,792644125,792644125-1,-2.16,0.00,2026-01-31,PAY-SG-20260131
2026-01-15,Orders-Lazada Fees,Payment Fee,792644125,792644125-1,-1.57,0.00,2026-01-31,PAY-SG-20260131
2026-01-15,Orders-Lazada Fees,Campaign Fee,792644125,792644125-1,-0.96,0.00,2026-01-31,PAY-SG-20260131
2026-01-15,Orders-Logistics,Shipping Fee (Paid By Customer),792644125,792644125-1,5.00,0.00,2026-01-31,PAY-SG-20260131
2026-01-15,Orders-Logistics,Shipping Fee Paid by Seller,792644125,792644125-1,-5.75,0.00,2026-01-31,PAY-SG-20260131
2026-01-15,Orders-Logistics,Shipping Fee Voucher (by Lazada),792644125,792644125-1,2.50,0.00,2026-01-31,PAY-SG-20260131
2026-01-16,Orders-Sales,Item Price Credit,715359471,715359471-1,89.00,0.00,2026-01-31,PAY-SG-20260131
2026-01-16,Orders-Marketing Fees,Seller Funded Marketing Voucher,715359471,715359471-1,-4.45,0.00,2026-01-31,PAY-SG-20260131
2026-01-16,Orders-Lazada Fees,Commission,715359471,715359471-1,-3.80,0.00,2026-01-31,PAY-SG-20260131
2026-01-16,Orders-Lazada Fees,Payment Fee,715359471,715359471-1,-2.91,0.00,2026-01-31,PAY-SG-20260131
2026-01-16,Orders-Sales,Item Price Credit,740596094,740596094-1,12.90,0.00,2026-01-31,PAY-SG-20260131
2026-01-16,Orders-Lazada Fees,Commission,740596094,740596094-1,-0.58,0.00,2026-01-31,PAY-SG-20260131
2026-01-16,Orders-Lazada Fees,Payment Fee,740596094,740596094-1,-0.42,0.00,2026-01-31,PAY-SG-20260131
2026-01-16,Orders-Lazada Fees,Campaign Fee,740596094,740596094-1,-0.26,0.00,2026-01-31,PAY-SG-20260131
2026-01-16,Orders-Sales,Item Price Credit,795651788,795651788-1,62.50,0.00,2026-01-31,PAY-SG-20260131
2026-01-16,Orders-Lazada Fees,Commission,795651788,795651788-1,-2.81,0.00,2026-01-31,PAY-SG-20260131
2026-01-16,Orders-Lazada Fees,Payment Fee,795651788,795651788-1,-2.04,0.00,2026-01-31,PAY-SG-20260131
2026-01-16,Orders-Logistics,Shipping Fee (Paid By Customer),795651788,795651788-1,5.00,0.00,2026-01-31,PAY-SG-20260131
2026-01-16,Orders-Logistics,Shipping Fee Paid by Seller,795651788,795651788-1,-5.75,0.00,2026-01-31,PAY-SG-20260131
2026-01-16,Orders-Logistics,Shipping Fee Voucher (by Lazada),795651788,795651788-1,2.50,0.00,2026-01-31,PAY-SG-20260131
2026-01-18,Refunds-Claims,Lost Claim,718422428,718422428-1,67.65,0.00,2026-01-31,PAY-SG-20260131
2026-01-18,Orders-Sales,Item Price Credit,726162914,726162914-1,24.00,0.00,2026-01-31,PAY-SG-20260131
2026-01-18,Orders-Marketing Fees,Seller Funded Marketing Voucher,726162914,726162914-1,-1.20,0.00,2026-01-31,PAY-SG-20260131
2026-01-18,Orders-Lazada Fees,Commission,726162914,726162914-1,-1.03,0.00,2026-01-31,PAY-SG-20260131
2026-01-18,Orders-Lazada Fees,Payment Fee,726162914,726162914-1,-0.78,0.00,2026-01-31,PAY-SG-20260131
2026-01-18,Orders-Lazada Fees,Campaign Fee,726162914,726162914-1,-0.46,0.00,2026-01-31,PAY-SG-20260131
2026-01-18,Orders-Logistics,Shipping Fee (Paid By Customer),726162914,726162914-1,2.50,0.00,2026-01-31,PAY-SG-20260131
2026-01-18,Orders-Logistics,Shipping Fee Paid by Seller,726162914,726162914-1,-2.87,0.00,2026-01-31,PAY-SG-20260131
2026-01-18,Orders-Sales,Item Price Credit,738017615,738017615-1,12.90,0.00,2026-01-31,PAY-SG-20260131
2026-01-18,Orders-Marketing Fees,Lazcoin discount,738017615,738017615-1,-0.26,0.00,2026-01-31,PAY-SG-20260131
2026-01-18,Orders-Lazada Fees,Commission,738017615,738017615-1,-0.58,0.00,2026-01-31,PAY-SG-20260131
2026-01-18,Orders-Lazada Fees,Payment Fee,738017615,738017615-1,-0.42,0.00,2026-01-31,PAY-SG-20260131
2026-01-18,Refunds-Sales,Reversal Item Price,738802617,738802617-1,-48.00,0.00,2026-01-31,PAY-SG-20260131
2026-01-18,Refunds-Lazada Fees,Reversal Commission,738802617,738802617-1,2.05,0.00,2026-01-31,PAY-SG-20260131
2026-01-18,Refunds-Marketing Fees,Reversal Promotional Charges Vouchers,738802617,738802617-1,2.40,0.00,2026-01-31,PAY-SG-20260131
2026-01-18,Refunds-Logistics,Return shipping fees,738802617,738802617-1,-2.50,0.00,2026-01-31,PAY-SG-20260131
2026-01-18,Orders-Sales,Item Price Credit,772641757,772641757-1,210.00,0.00,2026-01-31,PAY-SG-20260131
2026-01-18,Orders-Marketing Fees,Lazcoin discount,772641757,772641757-1,-4.20,0.00,2026-01-31,PAY-SG-20260131
2026-01-18,Orders-Marketing Fees,Promotional Charges Flexi-Combo,772641757,772641757-1,-16.80,0.00,2026-01-31,PAY-SG-20260131
2026-01-18,Orders-Lazada Fees,Commission,772641757,772641757-1,-9.45,0.00,2026-01-31,PAY-SG-20260131
2026-01-18,Orders-Lazada Fees,Payment Fee,772641757,772641757-1,-6.87,0.00,2026-01-31,PAY-SG-20260131
2026-01-18,Orders-Logistics,Shipping Fee (Paid By Customer),772641757,772641757-1,5.00,0.00,2026-01-31,PAY-SG-20260131
2026-01-18,Orders-Logistics,Shipping Fee Paid by Seller,772641757,772641757-1,-5.75,0.00,2026-01-31,PAY-SG-20260131
2026-01-18,Orders-Logistics,Shipping Fee Voucher (by Lazada),772641757,772641757-1,2.50,0.00,2026-01-31,PAY-SG-20260131
2026-01-19,Orders-Sales,Item Price Credit,729515716,729515716-1,48.00,0.00,2026-01-31,PAY-SG-20260131
2026-01-19,Orders-Lazada Fees,Commission,729515716,729515716-1,-2.16,0.00,2026-01-31,PAY-SG-20260131
2026-01-19,Orders-Lazada Fees,Payment Fee,729515716,729515716-1,-1.57,0.00,2026-01-31,PAY-SG-20260131
2026-01-19,Orders-Logistics,Shipping Fee (Paid By Customer),729515716,729515716-1,5.00,0.00,2026-01-31,PAY-SG-20260131
2026-01-19,Orders-Logistics,Shipping Fee Paid by Seller,729515716,729515716-1,-5.75,0.00,2026-01-31,PAY-SG-20260131
2026-01-19,Orders-Sales,Item Price Credit,732362206,732362206-1,62.50,0.00,2026-01-31,PAY-SG-20260131
2026-01-19,Orders-Lazada Fees,Commission,732362206,732362206-1,-2.81,0.00,2026-01-31,PAY-SG-20260131
2026-01-19,Orders-Lazada Fees,Payment Fee,732362206,732362206-1,-2.04,0.00,2026-01-31,PAY-SG-20260131
2026-01-19,Orders-Lazada Fees,Campaign Fee,732362206,732362206-1,-1.25,0.00,2026-01-31,PAY-SG-20260131
2026-01-19,Orders-Logistics,Shipping Fee (Paid By Customer),732362206,732362206-1,3.90,0.00,2026-01-31,PAY-SG-20260131
2026-01-19,Orders-Logistics,Shipping Fee Paid by Seller,732362206,732362206-1,-4.48,0.00,2026-01-31,PAY-SG-20260131
2026-01-19,Orders-Logistics,Shipping Fee Voucher (by Lazada),732362206,732362206-1,1.95,0.00,2026-01-31,PAY-SG-20260131
2026-01-19,Orders-Sales,Item Price Credit,739262482,739262482-1,210.00,0.00,2026-01-31,PAY-SG-20260131
2026-01-19,Orders-Lazada Fees,Commission,739262482,739262482-1,-9.45,0.00,2026-01-31,PAY-SG-20260131
2026-01-19,Orders-Lazada Fees,Payment Fee,739262482,739262482-1,-6.87,0.00,2026-01-31,PAY-SG-20260131
2026-01-19,Orders-Sales,Item Price Credit,742509009,742509009-1,35.90,0.00,2026-01-31,PAY-SG-20260131
2026-01-19,Orders-Lazada Fees,Commission,742509009,742509009-1,-1.62,0.00,2026-01-31,PAY-SG-20260131
2026-01-19,Orders-Lazada Fees,Payment Fee,742509009,742509009-1,-1.17,0.00,2026-01-31,PAY-SG-20260131
2026-01-19,Orders-Sales,Item Price Credit,778497880,778497880-1,19.50,0.00,2026-01-31,PAY-SG-20260131
2026-01-19,Orders-Marketing Fees,Promotional Charges Flexi-Combo,778497880,778497880-1,-1.56,0.00,2026-01-31,PAY-SG-20260131
2026-01-19,Orders-Lazada Fees,Commission,778497880,778497880-1,-0.88,0.00,2026-01-31,PAY-SG-20260131
2026-01-19,Orders-Lazada Fees,Payment Fee,778497880,778497880-1,-0.64,0.00,2026-01-31,PAY-SG-20260131
2026-01-19,Orders-Lazada Fees,Campaign Fee,778497880,778497880-1,-0.39,0.00,2026-01-31,PAY-SG-20260131
2026-01-19,Orders-Sales,Item Price Credit,783938586,783938586-1,62.50,0.00,2026-01-31,PAY-SG-20260131
2026-01-19,Orders-Lazada Fees,Commission,783938586,783938586-1,-2.81,0.00,2026-01-31,PAY-SG-20260131
2026-01-19,Orders-Lazada Fees,Payment Fee,783938586,783938586-1,-2.04,0.00,2026-01-31,PAY-SG-20260131
2026-01-19,Orders-Logistics,Shipping Fee (Paid By Customer),783938586,783938586-1,2.50,0.00,2026-01-31,PAY-SG-20260131
2026-01-19,Orders-Logistics,Shipping Fee Paid by Seller,783938586,783938586-1,-2.87,0.00,2026-01-31,PAY-SG-20260131
2026-01-20,Refunds-Sales,Reversal Item Price,715359471,715359471-1,-89.00,0.00,2026-01-31,PAY-SG-20260131
2026-01-20,Refunds-Lazada Fees,Reversal Commission,715359471,715359471-1,3.80,0.00,2026-01-31,PAY-SG-20260131
2026-01-20,Refunds-Marketing Fees,Reversal Promotional Charges Vouchers,715359471,715359471-1,4.45,0.00,2026-01-31,PAY-SG-20260131
2026-01-20,Refunds-Logistics,Return shipping fees,715359471,715359471-1,-2.50,0.00,2026-01-31,PAY-SG-20260131
2026-01-21,Refunds-Claims,Damaged Claim,,,29.51,0.00,2026-01-31,PAY-SG-20260131
2026-01-21,Orders-Claims,Shipping Fee Claims,,,8.89,0.00,2026-01-31,PAY-SG-20260131
2026-01-21,Orders-Sales,Item Price Credit,710213932,710213932-1,89.00,0.00,2026-01-31,PAY-SG-20260131
2026-01-21,Orders-Marketing Fees,Lazcoin discount,710213932,710213932-1,-1.78,0.00,2026-01-31,PAY-SG-20260131
2026-01-21,Orders-Lazada Fees,Commission,710213932,710213932-1,-4.00,0.00,2026-01-31,PAY-SG-20260131
2026-01-21,Orders-Lazada Fees,Payment Fee,710213932,710213932-1,-2.91,0.00,2026-01-31,PAY-SG-20260131
2026-01-21,Orders-Lazada Fees,Campaign Fee,710213932,710213932-1,-1.78,0.00,2026-01-31,PAY-SG-20260131
2026-01-21,Orders-Logistics,Shipping Fee (Paid By Customer),710213932,710213932-1,5.00,0.00,2026-01-31,PAY-SG-20260131
2026-01-21,Orders-Logistics,Shipping Fee Paid by Seller,710213932,710213932-1,-5.75,0.00,2026-01-31,PAY-SG-20260131
2026-01-21,Orders-Logistics,Shipping Fee Voucher (by Lazada),710213932,710213932-1,2.50,0.00,2026-01-31,PAY-SG-20260131
2026-01-21,Reimbursements,Withholding tax,710213932,710213932-1,-0.89,0.89,2026-01-31,PAY-SG-20260131
2026-01-21,Orders-Sales,Item Price Credit,728783963,728783963-1,210.00,0.00,2026-01-31,PAY-SG-20260131
2026-01-21,Orders-Marketing Fees,Seller Funded Marketing Voucher,728783963,728783963-1,-10.50,0.00,2026-01-31,PAY-SG-20260131
2026-01-21,Orders-Marketing Fees,Lazcoin discount,728783963,728783963-1,-4.20,0.00,2026-01-31,PAY-SG-20260131
2026-01-21,Orders-Lazada Fees,Commission,728783963,728783963-1,-8.98,0.00,2026-01-31,PAY-SG-20260131
2026-01-21,Orders-Lazada Fees,Payment Fee,728783963,728783963-1,-6.87,0.00,2026-01-31,PAY-SG-20260131
2026-01-21,Orders-Logistics,Shipping Fee (Paid By Customer),728783963,728783963-1,2.50,0.00,2026-01-31,PAY-SG-20260131
2026-01-21,Orders-Logistics,Shipping Fee Paid by Seller,728783963,728783963-1,-2.87,0.00,2026-01-31,PAY-SG-20260131
2026-01-21,Orders-Sales,Item Price Credit,735354254,735354254-1,210.00,0.00,2026-01-31,PAY-SG-20260131
2026-01-21,Orders-Lazada Fees,Commission,735354254,735354254-1,-9.45,0.00,2026-01-31,PAY-SG-20260131
2026-01-21,Orders-Lazada Fees,Payment Fee,735354254,735354254-1,-6.87,0.00,2026-01-31,PAY-SG-20260131
2026-01-21,Orders-Sales,Item Price Credit,746832865,746832865-1,24.00,0.00,2026-01-31,PAY-SG-20260131
2026-01-21,Orders-Lazada Fees,Commission,746832865,746832865-1,-1.08,0.00,2026-01-31,PAY-SG-20260131
2026-01-21,Orders-Lazada Fees,Payment Fee,746832865,746832865-1,-0.78,0.00,2026-01-31,PAY-SG-20260131
2026-01-21,Orders-Logistics,Shipping Fee (Paid By Customer),746832865,746832865-1,2.50,0.00,2026-01-31,PAY-SG-20260131
2026-01-21,Orders-Logistics,Shipping Fee Paid by Seller,746832865,746832865-1,-2.87,0.00,2026-01-31,PAY-SG-20260131
2026-01-22,Orders-Sales,Item Price Credit,713374072,713374072-1,48.00,0.00,2026-01-31,PAY-SG-20260131
2026-01-22,Orders-Marketing Fees,Lazcoin discount,713374072,713374072-1,-0.96,0.00,2026-01-31,PAY-SG-20260131
2026-01-22,Orders-Marketing Fees,Promotional Charges Flexi-Combo,713374072,713374072-1,-3.84,0.00,2026-01-31,PAY-SG-20260131
2026-01-22,Orders-Lazada Fees,Commission,713374072,713374072-1,-2.16,0.00,2026-01-31,PAY-SG-20260131
2026-01-22,Orders-Lazada Fees,Payment Fee,713374072,713374072-1,-1.57,0.00,2026-01-31,PAY-SG-20260131
2026-01-22,Reimbursements,Withholding tax,713374072,713374072-1,-0.48,0.48,2026-01-31,PAY-SG-20260131
2026-01-22,Orders-Sales,Item Price Credit,725357579,725357579-1,19.50,0.00,2026-01-31,PAY-SG-20260131
2026-01-22,Orders-Lazada Fees,Commission,725357579,725357579-1,-0.88,0.00,2026-01-31,PAY-SG-20260131
2026-01-22,Orders-Lazada Fees,Payment Fee,725357579,725357579-1,-0.64,0.00,2026-01-31,PAY-SG-20260131
2026-01-22,Orders-Sales,Item Price Credit,759858350,759858350-1,48.00,0.00,2026-01-31,PAY-SG-20260131
2026-01-22,Orders-Marketing Fees,Seller Funded Marketing Voucher,759858350,759858350-1,-2.40,0.00,2026-01-31,PAY-SG-20260131
2026-01-22,Orders-Lazada Fees,Commission,759858350,759858350-1,-2.05,0.00,2026-01-31,PAY-SG-20260131
2026-01-22,Orders-Lazada Fees,Payment Fee,759858350,759858350-1,-1.57,0.00,2026-01-31,PAY-SG-20260131
2026-01-22,Reimbursements,Withholding tax,759858350,759858350-1,-0.46,0.46,2026-01-31,PAY-SG-20260131
2026-01-22,Orders-Sales,Item Price Credit,779115741,779115741-1,35.90,0.00,2026-01-31,PAY-SG-20260131
2026-01-22,Orders-Marketing Fees,Seller Funded Marketing Voucher,779115741,779115741-1,-1.79,0.00,2026-01-31,PAY-SG-20260131
2026-01-22,Orders-Lazada Fees,Commission,779115741,779115741-1,-1.53,0.00,2026-01-31,PAY-SG-20260131
2026-01-22,Orders-Lazada Fees,Payment Fee,779115741,779115741-1,-1.17,0.00,2026-01-31,PAY-SG-20260131
2026-01-22,Orders-Logistics,Shipping Fee (Paid By Customer),779115741,779115741-1,3.90,0.00,2026-01-31,PAY-SG-20260131
2026-01-22,Orders-Logistics,Shipping Fee Paid by Seller,779115741,779115741-1,-4.48,0.00,2026-01-31,PAY-SG-20260131
2026-01-22,Orders-Sales,Item Price Credit,790908114,790908114-1,19.50,0.00,2026-01-31,PAY-SG-20260131
2026-01-22,Orders-Lazada Fees,Commission,790908114,790908114-1,-0.88,0.00,2026-01-31,PAY-SG-20260131
2026-01-22,Orders-Lazada Fees,Payment Fee,790908114,790908114-1,-0.64,0.00,2026-01-31,PAY-SG-20260131
2026-01-22,Orders-Lazada Fees,Campaign Fee,790908114,790908114-1,-0.39,0.00,2026-01-31,PAY-SG-20260131
2026-01-22,Orders-Logistics,Shipping Fee (Paid By Customer),790908114,790908114-1,5.00,0.00,2026-01-31,PAY-SG-20260131
2026-01-22,Orders-Logistics,Shipping Fee Paid by Seller,790908114,790908114-1,-5.75,0.00,2026-01-31,PAY-SG-20260131
2026-01-23,Orders-Sales,Item Price Credit,739715391,739715391-1,210.00,0.00,2026-01-31,PAY-SG-20260131
2026-01-23,Orders-Lazada Fees,Commission,739715391,739715391-1,-9.45,0.00,2026-01-31,PAY-SG-20260131
2026-01-23,Orders-Lazada Fees,Payment Fee,739715391,739715391-1,-6.87,0.00,2026-01-31,PAY-SG-20260131
2026-01-23,Orders-Logistics,Shipping Fee (Paid By Customer),739715391,739715391-1,2.50,0.00,2026-01-31,PAY-SG-20260131
2026-01-23,Orders-Logistics,Shipping Fee Paid by Seller,739715391,739715391-1,-2.87,0.00,2026-01-31,PAY-SG-20260131
2026-01-23,Refunds-Sales,Reversal Item Price,740596094,740596094-1,-12.90,0.00,2026-01-31,PAY-SG-20260131
2026-01-23,Refunds-Lazada Fees,Reversal Commission,740596094,740596094-1,0.58,0.00,2026-01-31,PAY-SG-20260131
2026-01-23,Refunds-Logistics,Return shipping fees,740596094,740596094-1,-2.50,0.00,2026-01-31,PAY-SG-20260131
2026-01-23,Orders-Sales,Item Price Credit,750667156,750667156-1,35.90,0.00,2026-01-31,PAY-SG-20260131
2026-01-23,Orders-Marketing Fees,Lazcoin discount,750667156,750667156-1,-0.72,0.00,2026-01-31,PAY-SG-20260131
2026-01-23,Orders-Lazada Fees,Commission,750667156,750667156-1,-1.62,0.00,2026-01-31,PAY-SG-20260131
2026-01-23,Orders-Lazada Fees,Payment Fee,750667156,750667156-1,-1.17,0.00,2026-01-31,PAY-SG-20260131
2026-01-23,Orders-Logistics,Shipping Fee (Paid By Customer),750667156,750667156-1,3.90,0.00,2026-01-31,PAY-SG-20260131
2026-01-23,Orders-Logistics,Shipping Fee Paid by Seller,750667156,750667156-1,-4.48,0.00,2026-01-31,PAY-SG-20260131
2026-01-23,Orders-Sales,Item Price Credit,779087932,779087932-1,210.00,0.00,2026-01-31,PAY-SG-20260131
2026-01-23,Orders-Lazada Fees,Commission,779087932,779087932-1,-9.45,0.00,2026-01-31,PAY-SG-20260131
2026-01-23,Orders-Lazada Fees,Payment Fee,779087932,779087932-1,-6.87,0.00,2026-01-31,PAY-SG-20260131
2026-01-24,Orders-Lazada Fees,Commission fee refund - correction for overcharge,,,2.70,0.00,2026-01-31,PAY-SG-20260131
2026-01-24,Refunds-Lazada Fees,Commission fee - correction for undercharge,,,-2.81,0.00,2026-01-31,PAY-SG-20260131
2026-01-24,Orders-Lazada Fees,Payment fee refund - correction for overcharge,,,1.76,0.00,2026-01-31,PAY-SG-20260131
2026-01-24,Orders-Sales,Item Price Credit,759246380,759246380-1,62.50,0.00,2026-01-31,PAY-SG-20260131
2026-01-24,Orders-Marketing Fees,Seller Funded Marketing Voucher,759246380,759246380-1,-3.12,0.00,2026-01-31,PAY-SG-20260131
2026-01-24,Orders-Lazada Fees,Commission,759246380,759246380-1,-2.67,0.00,2026-01-31,PAY-SG-20260131
2026-01-24,Orders-Lazada Fees,Payment Fee,759246380,759246380-1,-2.04,0.00,2026-01-31,PAY-SG-20260131
2026-01-24,Orders-Lazada Fees,Campaign Fee,759246380,759246380-1,-1.19,0.00,2026-01-31,PAY-SG-20260131
2026-01-24,Orders-Sales,Item Price Credit,781882181,781882181-1,12.90,0.00,2026-01-31,PAY-SG-20260131
2026-01-24,Orders-Marketing Fees,Seller Funded Marketing Voucher,781882181,781882181-1,-0.64,0.00,2026-01-31,PAY-SG-20260131
2026-01-24,Orders-Lazada Fees,Commission,781882181,781882181-1,-0.55,0.00,2026-01-31,PAY-SG-20260131
2026-01-24,Orders-Lazada Fees,Payment Fee,781882181,781882181-1,-0.42,0.00,2026-01-31,PAY-SG-20260131
2026-01-24,Orders-Logistics,Shipping Fee (Paid By Customer),781882181,781882181-1,3.90,0.00,2026-01-31,PAY-SG-20260131
2026-01-24,Orders-Logistics,Shipping Fee Paid by Seller,781882181,781882181-1,-4.48,0.00,2026-01-31,PAY-SG-20260131
2026-01-24,Orders-Logistics,Shipping Fee Voucher (by Lazada),781882181,781882181-1,1.95,0.00,2026-01-31,PAY-SG-20260131
2026-01-25,Orders-Sales,Item Price Credit,727933445,727933445-1,35.90,0.00,2026-01-31,PAY-SG-20260131
2026-01-25,Orders-Marketing Fees,Seller Funded Marketing Voucher,727933445,727933445-1,-1.79,0.00,2026-01-31,PAY-SG-20260131
2026-01-25,Orders-Marketing Fees,Lazcoin discount,727933445,727933445-1,-0.72,0.00,2026-01-31,PAY-SG-20260131
2026-01-25,Orders-Marketing Fees,Promotional Charges Flexi-Combo,727933445,727933445-1,-2.87,0.00,2026-01-31,PAY-SG-20260131
2026-01-25,Orders-Lazada Fees,Commission,727933445,727933445-1,-1.53,0.00,2026-01-31,PAY-SG-20260131
2026-01-25,Orders-Lazada Fees,Payment Fee,727933445,727933445-1,-1.17,0.00,2026-01-31,PAY-SG-20260131
2026-01-25,Orders-Lazada Fees,Campaign Fee,727933445,727933445-1,-0.68,0.00,2026-01-31,PAY-SG-20260131
2026-01-25,Orders-Logistics,Shipping Fee (Paid By Customer),727933445,727933445-1,2.50,0.00,2026-01-31,PAY-SG-20260131
2026-01-25,Orders-Logistics,Shipping Fee Paid by Seller,727933445,727933445-1,-2.87,0.00,2026-01-31,PAY-SG-20260131
2026-01-25,Orders-Sales,Item Price Credit,755389455,755389455-1,12.90,0.00,2026-01-31,PAY-SG-20260131
2026-01-25,Orders-Lazada Fees,Commission,755389455,755389455-1,-0.58,0.00,2026-01-31,PAY-SG-20260131
2026-01-25,Orders-Lazada Fees,Payment Fee,755389455,755389455-1,-0.42,0.00,2026-01-31,PAY-SG-20260131
2026-01-25,Orders-Logistics,Shipping Fee (Paid By Customer),755389455,755389455-1,3.90,0.00,2026-01-31,PAY-SG-20260131
2026-01-25,Orders-Logistics,Shipping Fee Paid by Seller,755389455,755389455-1,-4.48,0.00,2026-01-31,PAY-SG-20260131
2026-01-25,Orders-Logistics,Shipping Fee Voucher (by Lazada),755389455,755389455-1,1.95,0.00,2026-01-31,PAY-SG-20260131
2026-01-25,Orders-Sales,Item Price Credit,762555664,762555664-1,35.90,0.00,2026-01-31,PAY-SG-20260131
2026-01-25,Orders-Lazada Fees,Commission,762555664,762555664-1,-1.62,0.00,2026-01-31,PAY-SG-20260131
2026-01-25,Orders-Lazada Fees,Payment Fee,762555664,762555664-1,-1.17,0.00,2026-01-31,PAY-SG-20260131
2026-01-25,Orders-Lazada Fees,Campaign Fee,762555664,762555664-1,-0.72,0.00,2026-01-31,PAY-SG-20260131
2026-01-25,Orders-Sales,Item Price Credit,765381477,765381477-1,210.00,0.00,2026-01-31,PAY-SG-20260131
2026-01-25,Orders-Lazada Fees,Commission,765381477,765381477-1,-9.45,0.00,2026-01-31,PAY-SG-20260131
2026-01-25,Orders-Lazada Fees,Payment Fee,765381477,765381477-1,-6.87,0.00,2026-01-31,PAY-SG-20260131
2026-01-25,Orders-Logistics,Shipping Fee (Paid By Customer),765381477,765381477-1,2.50,0.00,2026-01-31,PAY-SG-20260131
2026-01-25,Orders-Logistics,Shipping Fee Paid by Seller,765381477,765381477-1,-2.87,0.00,2026-01-31,PAY-SG-20260131
2026-01-26,Orders-Sales,Item Price Credit,714974543,714974543-1,129.00,0.00,2026-01-31,PAY-SG-20260131
2026-01-26,Orders-Lazada Fees,Commission,714974543,714974543-1,-5.80,0.00,2026-01-31,PAY-SG-20260131
2026-01-26,Orders-Lazada Fees,Payment Fee,714974543,714974543-1,-4.22,0.00,2026-01-31,PAY-SG-20260131
2026-01-26,Orders-Lazada Fees,Campaign Fee,714974543,714974543-1,-2.58,0.00,2026-01-31,PAY-SG-20260131
2026-01-26,Orders-Logistics,Shipping Fee (Paid By Customer),714974543,714974543-1,2.50,0.00,2026-01-31,PAY-SG-20260131
2026-01-26,Orders-Logistics,Shipping Fee Paid by Seller,714974543,714974543-1,-2.87,0.00,2026-01-31,PAY-SG-20260131
2026-01-26,Orders-Sales,Item Price Credit,738724227,738724227-1,35.90,0.00,2026-01-31,PAY-SG-20260131
2026-01-26,Orders-Marketing Fees,Seller Funded Marketing Voucher,738724227,738724227-1,-1.79,0.00,2026-01-31,PAY-SG-20260131
2026-01-26,Orders-Lazada Fees,Commission,738724227,738724227-1,-1.53,0.00,2026-01-31,PAY-SG-20260131
2026-01-26,Orders-Lazada Fees,Payment Fee,738724227,738724227-1,-1.17,0.00,2026-01-31,PAY-SG-20260131
2026-01-26,Orders-Logistics,Shipping Fee (Paid By Customer),738724227,738724227-1,3.90,0.00,2026-01-31,PAY-SG-20260131
2026-01-26,Orders-Logistics,Shipping Fee Paid by Seller,738724227,738724227-1,-4.48,0.00,2026-01-31,PAY-SG-20260131
2026-01-26,Reimbursements,Withholding tax,738724227,738724227-1,-0.34,0.34,2026-01-31,PAY-SG-20260131
2026-01-26,Orders-Sales,Item Price Credit,740822291,740822291-1,12.90,0.00,2026-01-31,PAY-SG-20260131
2026-01-26,Orders-Lazada Fees,Commission,740822291,740822291-1,-0.58,0.00,2026-01-31,PAY-SG-20260131
2026-01-26,Orders-Lazada Fees,Payment Fee,740822291,740822291-1,-0.42,0.00,2026-01-31,PAY-SG-20260131
2026-01-26,Orders-Sales,Item Price Credit,756825222,756825222-1,129.00,0.00,2026-01-31,PAY-SG-20260131
2026-01-26,Orders-Lazada Fees,Commission,756825222,756825222-1,-5.80,0.00,2026-01-31,PAY-SG-20260131
2026-01-26,Orders-Lazada Fees,Payment Fee,756825222,756825222-1,-4.22,0.00,2026-01-31,PAY-SG-20260131
2026-01-26,Orders-Sales,Item Price Credit,779052251,779052251-1,12.90,0.00,2026-01-31,PAY-SG-20260131
2026-01-26,Orders-Lazada Fees,Commission,779052251,779052251-1,-0.58,0.00,2026-01-31,PAY-SG-20260131
2026-01-26,Orders-Lazada Fees,Payment Fee,779052251,779052251-1,-0.42,0.00,2026-01-31,PAY-SG-20260131
2026-01-26,Orders-Lazada Fees,Campaign Fee,779052251,779052251-1,-0.26,0.00,2026-01-31,PAY-SG-20260131
2026-01-26,Orders-Logistics,Shipping Fee (Paid By Customer),779052251,779052251-1,5.00,0.00,2026-01-31,PAY-SG-20260131
2026-01-26,Orders-Logistics,Shipping Fee Paid by Seller,779052251,779052251-1,-5.75,0.00,2026-01-31,PAY-SG-20260131
2026-01-26,Orders-Logistics,Shipping Fee Voucher (by Lazada),779052251,779052251-1,2.50,0.00,2026-01-31,PAY-SG-20260131
2026-01-27,Other,The fee that does not belong to the terms above,,,-6.21,0.00,2026-01-31,PAY-SG-20260131
2026-01-27,Orders-Sales,Item Price Credit,763233757,763233757-1,24.00,0.00,2026-01-31,PAY-SG-20260131
2026-01-27,Orders-Lazada Fees,Commission,763233757,763233757-1,-1.08,0.00,2026-01-31,PAY-SG-20260131
2026-01-27,Orders-Lazada Fees,Payment Fee,763233757,763233757-1,-0.78,0.00,2026-01-31,PAY-SG-20260131
2026-01-27,Orders-Lazada Fees,Campaign Fee,763233757,763233757-1,-0.48,0.00,2026-01-31,PAY-SG-20260131
2026-01-27,Orders-Logistics,Shipping Fee (Paid By Customer),763233757,763233757-1,2.50,0.00,2026-01-31,PAY-SG-20260131
2026-01-27,Orders-Logistics,Shipping Fee Paid by Seller,763233757,763233757-1,-2.87,0.00,2026-01-31,PAY-SG-20260131
2026-01-27,Orders-Sales,Item Price Credit,769739143,769739143-1,129.00,0.00,2026-01-31,PAY-SG-20260131
2026-01-27,Orders-Lazada Fees,Commission,769739143,769739143-1,-5.80,0.00,2026-01-31,PAY-SG-20260131
2026-01-27,Orders-Lazada Fees,Payment Fee,769739143,769739143-1,-4.22,0.00,2026-01-31,PAY-SG-20260131
2026-01-28,Orders-Sales,Item Price Credit,748826860,748826860-1,89.00,0.00,2026-01-31,PAY-SG-20260131
2026-01-28,Orders-Lazada Fees,Commission,748826860,748826860-1,-4.00,0.00,2026-01-31,PAY-SG-20260131
2026-01-28,Orders-Lazada Fees,Payment Fee,748826860,748826860-1,-2.91,0.00,2026-01-31,PAY-SG-20260131
2026-01-28,Orders-Sales,Item Price Credit,781178372,781178372-1,89.00,0.00,2026-01-31,PAY-SG-20260131
2026-01-28,Orders-Lazada Fees,Commission,781178372,781178372-1,-4.00,0.00,2026-01-31,PAY-SG-20260131
2026-01-28,Orders-Lazada Fees,Payment Fee,781178372,781178372-1,-2.91,0.00,2026-01-31,PAY-SG-20260131
2026-01-28,Orders-Logistics,Shipping Fee (Paid By Customer),781178372,781178372-1,2.50,0.00,2026-01-31,PAY-SG-20260131
2026-01-28,Orders-Logistics,Shipping Fee Paid by Seller,781178372,781178372-1,-2.87,0.00,2026-01-31,PAY-SG-20260131
2026-01-29,Orders-Sales,Item Price Credit,712771026,712771026-1,129.00,0.00,2026-01-31,PAY-SG-20260131
2026-01-29,Orders-Marketing Fees,Seller Funded Marketing Voucher,712771026,712771026-1,-6.45,0.00,2026-01-31,PAY-SG-20260131
2026-01-29,Orders-Lazada Fees,Commission,712771026,712771026-1,-5.51,0.00,2026-01-31,PAY-SG-20260131
2026-01-29,Orders-Lazada Fees,Payment Fee,712771026,712771026-1,-4.22,0.00,2026-01-31,PAY-SG-20260131
2026-01-29,Orders-Sales,Item Price Credit,719742018,719742018-1,62.50,0.00,2026-01-31,PAY-SG-20260131
2026-01-29,Orders-Marketing Fees,Seller Funded Marketing Voucher,719742018,719742018-1,-3.12,0.00,2026-01-31,PAY-SG-20260131
2026-01-29,Orders-Lazada Fees,Commission,719742018,719742018-1,-2.67,0.00,2026-01-31,PAY-SG-20260131
2026-01-29,Orders-Lazada Fees,Payment Fee,719742018,719742018-1,-2.04,0.00,2026-01-31,PAY-SG-20260131
2026-01-29,Orders-Lazada Fees,Campaign Fee,719742018,719742018-1,-1.19,0.00,2026-01-31,PAY-SG-20260131
2026-01-29,Orders-Logistics,Shipping Fee (Paid By Customer),719742018,719742018-1,3.90,0.00,2026-01-31,PAY-SG-20260131
2026-01-29,Orders-Logistics,Shipping Fee Paid by Seller,719742018,719742018-1,-4.48,0.00,2026-01-31,PAY-SG-20260131
2026-01-29,Orders-Logistics,Shipping Fee Voucher (by Lazada),719742018,719742018-1,1.95,0.00,2026-01-31,PAY-SG-20260131
2026-01-29,Orders-Sales,Item Price Credit,781190067,781190067-1,129.00,0.00,2026-01-31,PAY-SG-20260131
2026-01-29,Orders-Lazada Fees,Commission,781190067,781190067-1,-5.80,0.00,2026-01-31,PAY-SG-20260131
2026-01-29,Orders-Lazada Fees,Payment Fee,781190067,781190067-1,-4.22,0.00,2026-01-31,PAY-SG-20260131
2026-01-30,Adjustments,Seller balance adjustments - Credit,,,20.61,0.00,2026-01-31,PAY-SG-20260131
2026-01-30,Adjustments,Seller balance adjustments - Debit,,,-8.02,0.00,2026-01-31,PAY-SG-20260131
2026-01-30,Refunds-Sales,Reversal Item Price,714974543,714974543-1,-64.50,0.00,2026-01-31,PAY-SG-20260131
2026-01-30,Refunds-Lazada Fees,Reversal Commission,714974543,714974543-1,2.90,0.00,2026-01-31,PAY-SG-20260131
2026-01-30,Orders-Sales,Item Price Credit,731497110,731497110-1,35.90,0.00,2026-01-31,PAY-SG-20260131
2026-01-30,Orders-Marketing Fees,Lazcoin discount,731497110,731497110-1,-0.72,0.00,2026-01-31,PAY-SG-20260131
2026-01-30,Orders-Lazada Fees,Commission,731497110,731497110-1,-1.62,0.00,2026-01-31,PAY-SG-20260131
2026-01-30,Orders-Lazada Fees,Payment Fee,731497110,731497110-1,-1.17,0.00,2026-01-31,PAY-SG-20260131
2026-01-30,Orders-Logistics,Shipping Fee (Paid By Customer),731497110,731497110-1,3.90,0.00,2026-01-31,PAY-SG-20260131
2026-01-30,Orders-Logistics,Shipping Fee Paid by Seller,731497110,731497110-1,-4.48,0.00,2026-01-31,PAY-SG-20260131
2026-01-30,Orders-Sales,Item Price Credit,743471582,743471582-1,12.90,0.00,2026-01-31,PAY-SG-20260131
2026-01-30,Orders-Lazada Fees,Commission,743471582,743471582-1,-0.58,0.00,2026-01-31,PAY-SG-20260131
2026-01-30,Orders-Lazada Fees,Payment Fee,743471582,743471582-1,-0.42,0.00,2026-01-31,PAY-SG-20260131
2026-01-30,Orders-Lazada Fees,Campaign Fee,743471582,743471582-1,-0.26,0.00,2026-01-31,PAY-SG-20260131
2026-01-30,Orders-Logistics,Shipping Fee (Paid By Customer),743471582,743471582-1,2.50,0.00,2026-01-31,PAY-SG-20260131
2026-01-30,Orders-Logistics,Shipping Fee Paid by Seller,743471582,743471582-1,-2.87,0.00,2026-01-31,PAY-SG-20260131
2026-01-30,Orders-Logistics,Shipping Fee Voucher (by Lazada),743471582,743471582-1,1.25,0.00,2026-01-31,PAY-SG-20260131
2026-01-31,3P Services-Logistics,Storage Fee,,,-16.63,0.00,2026-01-31,PAY-SG-20260131
2026-01-31,Orders-Sales,Item Price Credit,759975648,759975648-1,62.50,0.00,2026-01-31,PAY-SG-20260131
2026-01-31,Orders-Lazada Fees,Commission,759975648,759975648-1,-2.81,0.00,2026-01-31,PAY-SG-20260131
2026-01-31,Orders-Lazada Fees,Payment Fee,759975648,759975648-1,-2.04,0.00,2026-01-31,PAY-SG-20260131
2026-01-31,Orders-Lazada Fees,Campaign Fee,759975648,759975648-1,-1.25,0.00,2026-01-31,PAY-SG-20260131
2026-01-31,Orders-Logistics,Shipping Fee (Paid By Customer),759975648,759975648-1,3.90,0.00,2026-01-31,PAY-SG-20260131
2026-01-31,Orders-Logistics,Shipping Fee Paid by Seller,759975648,759975648-1,-4.48,0.00,2026-01-31,PAY-SG-20260131
2026-01-31,Reimbursements,Withholding tax,759975648,759975648-1,-0.62,0.63,2026-01-31,PAY-SG-20260131
2026-01-31,Orders-Sales,Item Price Credit,780776609,780776609-1,35.90,0.00,2026-01-31,PAY-SG-20260131
2026-01-31,Orders-Lazada Fees,Commission,780776609,780776609-1,-1.62,0.00,2026-01-31,PAY-SG-20260131
2026-01-31,Orders-Lazada Fees,Payment Fee,780776609,780776609-1,-1.17,0.00,2026-01-31,PAY-SG-20260131
2026-01-31,Orders-Lazada Fees,Campaign Fee,780776609,780776609-1,-0.72,0.00,2026-01-31,PAY-SG-20260131
2026-01-31,Reimbursements,Withholding tax,780776609,780776609-1,-0.36,0.36,2026-01-31,PAY-SG-20260131
2026-02-09,Refunds-Sales,Reversal Item Price,743471582,743471582-1,-12.90,0.00,2026-01-31,PAY-SG-20260131
2026-02-09,Refunds-Lazada Fees,Reversal Commission,743471582,743471582-1,0.58,0.00,2026-01-31,PAY-SG-20260131
2026-02-09,Refunds-Logistics,Return shipping fees,743471582,743471582-1,-2.50,0.00,2026-01-31,PAY-SG-20260131
