Transaction Date,Transaction Type,Transaction Number,Order Number,Order Item ID,Item Name,Comment,Amount,Statement Period
2026-01-11,Item Price Credit,MY100000,736057349,736057349-1,Cotton Tote Bag,,35.90,05 Jan 2026 - 11 Jan 2026
2026-01-11,Commission,MY100001,736057349,736057349-1,Cotton Tote Bag,,-1.62,05 Jan 2026 - 11 Jan 2026
2026-01-11,Payment Fee,MY100002,736057349,736057349-1,Cotton Tote Bag,,-1.17,05 Jan 2026 - 11 Jan 2026
2026-01-11,Promotional Charges Bundles,MY100003,736057349,736057349-1,Cotton Tote Bag,,-1.79,05 Jan 2026 - 11 Jan 2026
2026-01-08,Item Price Credit,MY100004,771854285,771854285-1,Cotton Tote Bag,,210.00,05 Jan 2026 - 11 Jan 2026
2026-01-08,Commission,MY100005,771854285,771854285-1,Cotton Tote Bag,,-9.45,05 Jan 2026 - 11 Jan 2026
2026-01-08,Payment Fee,MY100006,771854285,771854285-1,Cotton Tote Bag,,-6.87,05 Jan 2026 - 11 Jan 2026
2026-01-08,Promotional Charges Flexi-Combo,MY100007,771854285,771854285-1,Cotton Tote Bag,,-10.50,05 Jan 2026 - 11 Jan 2026
2026-01-10,Item Price Credit,MY100008,772294029,772294029-1,Stainless Straw Set,,19.50,05 Jan 2026 - 11 Jan 2026
2026-01-10,Commission,MY100009,772294029,772294029-1,Stainless Straw Set,,-0.88,05 Jan 2026 - 11 Jan 2026
2026-01-10,Payment Fee,MY100010,772294029,772294029-1,Stainless Straw Set,,-0.64,05 Jan 2026 - 11 Jan 2026
2026-01-10,Promotional Charges Flexi-Combo,MY100011,772294029,772294029-1,Stainless Straw Set,,-0.97,05 Jan 2026 - 11 Jan 2026
2026-01-09,Item Price Credit,MY100012,763075695,763075695-1,Cotton Tote Bag,,35.90,05 Jan 2026 - 11 Jan 2026
2026-01-09,Commission,MY100013,763075695,763075695-1,Cotton Tote Bag,,-1.62,05 Jan 2026 - 11 Jan 2026
2026-01-09,Payment Fee,MY100014,763075695,763075695-1,Cotton Tote Bag,,-1.17,05 Jan 2026 - 11 Jan 2026
2026-01-09,LCP Fee,MY100015,763075695,763075695-1,Cotton Tote Bag,,-1.79,05 Jan 2026 - 11 Jan 2026
2026-01-09,Campaign Fee,MY100016,763075695,763075695-1,Cotton Tote Bag,,-0.72,05 Jan 2026 - 11 Jan 2026
2026-01-09,Item Price Credit,MY100017,734750282,734750282-1,Stainless Straw Set,,62.50,05 Jan 2026 - 11 Jan 2026
2026-01-09,Commission,MY100018,734750282,734750282-1,Stainless Straw Set,,-2.81,05 Jan 2026 - 11 Jan 2026
2026-01-09,Payment Fee,MY100019,734750282,734750282-1,Stainless Straw Set,,-2.04,05 Jan 2026 - 11 Jan 2026
2026-01-06,Item Price Credit,MY100020,710601608,710601608-1,Cotton Tote Bag,,129.00,05 Jan 2026 - 11 Jan 2026
2026-01-06,Commission,MY100021,710601608,710601608-1,Cotton Tote Bag,,-5.80,05 Jan 2026 - 11 Jan 2026
2026-01-06,Payment Fee,MY100022,710601608,710601608-1,Cotton Tote Bag,,-4.22,05 Jan 2026 - 11 Jan 2026
2026-01-06,Promotional Charges Flexi-Combo,MY100023,710601608,710601608-1,Cotton Tote Bag,,-6.45,05 Jan 2026 - 11 Jan 2026
2026-01-06,Seller Picks Commission,MY100024,710601608,710601608-1,Cotton Tote Bag,,-3.87,05 Jan 2026 - 11 Jan 2026
2026-01-10,Item Price Credit,MY100025,759258335,759258335-1,Cotton Tote Bag,,24.00,05 Jan 2026 - 11 Jan 2026
2026-01-10,Commission,MY100026,759258335,759258335-1,Cotton Tote Bag,,-1.08,05 Jan 2026 - 11 Jan 2026
2026-01-10,Payment Fee,MY100027,759258335,759258335-1,Cotton Tote Bag,,-0.78,05 Jan 2026 - 11 Jan 2026
2026-01-10,Promotional Charges Vouchers,MY100028,759258335,759258335-1,Cotton Tote Bag,,-1.20,05 Jan 2026 - 11 Jan 2026
2026-01-05,Item Price Credit,MY100029,749985067,749985067-1,Cotton Tote Bag,,62.50,05 Jan 2026 - 11 Jan 2026
2026-01-05,Commission,MY100030,749985067,749985067-1,Cotton Tote Bag,,-2.81,05 Jan 2026 - 11 Jan 2026
2026-01-05,Payment Fee,MY100031,749985067,749985067-1,Cotton Tote Bag,,-2.04,05 Jan 2026 - 11 Jan 2026
2026-01-05,Promotional Charges Vouchers,MY100032,749985067,749985067-1,Cotton Tote Bag,,-3.12,05 Jan 2026 - 11 Jan 2026
2026-01-09,Item Price Credit,MY100033,710278307,710278307-1,Cotton Tote Bag,,24.00,05 Jan 2026 - 11 Jan 2026
2026-01-09,Commission,MY100034,710278307,710278307-1,Cotton Tote Bag,,-1.08,05 Jan 2026 - 11 Jan 2026
2026-01-09,Payment Fee,MY100035,710278307,710278307-1,Cotton Tote Bag,,-0.78,05 Jan 2026 - 11 Jan 2026
2026-01-09,Seller Funded Marketing Voucher,MY100036,710278307,710278307-1,Cotton Tote Bag,,-1.20,05 Jan 2026 - 11 Jan 2026
2026-01-09,Seller Picks Commission,MY100037,710278307,710278307-1,Cotton Tote Bag,,-0.72,05 Jan 2026 - 11 Jan 2026
2026-01-06,Item Price Credit,MY100038,772008820,772008820-1,Poly Mailer 100pcs,,48.00,05 Jan 2026 - 11 Jan 2026
2026-01-06,Commission,MY100039,772008820,772008820-1,Poly Mailer 100pcs,,-2.16,05 Jan 2026 - 11 Jan 2026
2026-01-06,Payment Fee,MY100040,772008820,772008820-1,Poly Mailer 100pcs,,-1.57,05 Jan 2026 - 11 Jan 2026
2026-01-06,LCP Fee,MY100041,772008820,772008820-1,Poly Mailer 100pcs,,-4.80,05 Jan 2026 - 11 Jan 2026
2026-01-08,Item Price Credit,MY100042,749362030,749362030-1,Ceramic Mug 350ml,,48.00,05 Jan 2026 - 11 Jan 2026
2026-01-08,Commission,MY100043,749362030,749362030-1,Ceramic Mug 350ml,,-2.16,05 Jan 2026 - 11 Jan 2026
2026-01-08,Payment Fee,MY100044,749362030,749362030-1,Ceramic Mug 350ml,,-1.57,05 Jan 2026 - 11 Jan 2026
2026-01-08,Seller Picks Commission,MY100045,749362030,749362030-1,Ceramic Mug 350ml,,-1.44,05 Jan 2026 - 11 Jan 2026
2026-01-08,Reimbursements Withholding tax,MY100046,749362030,749362030-1,Ceramic Mug 350ml,,-0.48,05 Jan 2026 - 11 Jan 2026
2026-01-06,Item Price Credit,MY100047,740395232,740395232-1,Poly Mailer 100pcs,,35.90,05 Jan 2026 - 11 Jan 2026
2026-01-06,Commission,MY100048,740395232,740395232-1,Poly Mailer 100pcs,,-1.62,05 Jan 2026 - 11 Jan 2026
2026-01-06,Payment Fee,MY100049,740395232,740395232-1,Poly Mailer 100pcs,,-1.17,05 Jan 2026 - 11 Jan 2026
2026-01-06,Shipping Fee (Paid By Customer),MY100050,740395232,740395232-1,Poly Mailer 100pcs,,2.50,05 Jan 2026 - 11 Jan 2026
2026-01-06,Shipping Fee Paid by Seller,MY100051,740395232,740395232-1,Poly Mailer 100pcs,,-2.87,05 Jan 2026 - 11 Jan 2026
2026-01-06,Lazcoin discount,MY100052,740395232,740395232-1,Poly Mailer 100pcs,,-3.59,05 Jan 2026 - 11 Jan 2026
2026-01-06,Campaign Fee,MY100053,740395232,740395232-1,Poly Mailer 100pcs,,-0.72,05 Jan 2026 - 11 Jan 2026
2026-01-10,Item Price Credit,MY100054,722594637,722594637-1,Baby Hair Clip Set,,62.50,05 Jan 2026 - 11 Jan 2026
2026-01-10,Commission,MY100055,722594637,722594637-1,Baby Hair Clip Set,,-2.81,05 Jan 2026 - 11 Jan 2026
2026-01-10,Payment Fee,MY100056,722594637,722594637-1,Baby Hair Clip Set,,-2.04,05 Jan 2026 - 11 Jan 2026
2026-01-10,Shipping Fee (Paid By Customer),MY100057,722594637,722594637-1,Baby Hair Clip Set,,2.50,05 Jan 2026 - 11 Jan 2026
2026-01-10,Shipping Fee Paid by Seller,MY100058,722594637,722594637-1,Baby Hair Clip Set,,-2.87,05 Jan 2026 - 11 Jan 2026
2026-01-10,Promotional Charges Flexi-Combo,MY100059,722594637,722594637-1,Baby Hair Clip Set,,-3.12,05 Jan 2026 - 11 Jan 2026
2026-01-06,Item Price Credit,MY100060,709184320,709184320-1,Poly Mailer 100pcs,,24.00,05 Jan 2026 - 11 Jan 2026
2026-01-06,Commission,MY100061,709184320,709184320-1,Poly Mailer 100pcs,,-1.08,05 Jan 2026 - 11 Jan 2026
2026-01-06,Payment Fee,MY100062,709184320,709184320-1,Poly Mailer 100pcs,,-0.78,05 Jan 2026 - 11 Jan 2026
2026-01-06,Shipping Fee (Paid By Customer),MY100063,709184320,709184320-1,Poly Mailer 100pcs,,3.90,05 Jan 2026 - 11 Jan 2026
2026-01-06,Shipping Fee Paid by Seller,MY100064,709184320,709184320-1,Poly Mailer 100pcs,,-4.48,05 Jan 2026 - 11 Jan 2026
2026-01-06,Reimbursements Withholding tax,MY100065,709184320,709184320-1,Poly Mailer 100pcs,,-0.24,05 Jan 2026 - 11 Jan 2026
2026-01-07,Item Price Credit,MY100066,754658817,754658817-1,Cotton Tote Bag,,129.00,05 Jan 2026 - 11 Jan 2026
2026-01-07,Commission,MY100067,754658817,754658817-1,Cotton Tote Bag,,-5.80,05 Jan 2026 - 11 Jan 2026
2026-01-07,Payment Fee,MY100068,754658817,754658817-1,Cotton Tote Bag,,-4.22,05 Jan 2026 - 11 Jan 2026
2026-01-07,Shipping Fee (Paid By Customer),MY100069,754658817,754658817-1,Cotton Tote Bag,,2.50,05 Jan 2026 - 11 Jan 2026
2026-01-07,Shipping Fee Paid by Seller,MY100070,754658817,754658817-1,Cotton Tote Bag,,-2.87,05 Jan 2026 - 11 Jan 2026
2026-01-07,Shipping Fee Voucher (by Lazada),MY100071,754658817,754658817-1,Cotton Tote Bag,,1.25,05 Jan 2026 - 11 Jan 2026
2026-01-07,Promotional Charges Flexi-Combo,MY100072,754658817,754658817-1,Cotton Tote Bag,,-12.90,05 Jan 2026 - 11 Jan 2026
2026-01-07,Shipping Fee (Charged By 3P),MY100073,754658817,754658817-1,Cotton Tote Bag,,-37.41,05 Jan 2026 - 11 Jan 2026
2026-01-07,FBL Handling Fee,MY100074,754658817,754658817-1,Cotton Tote Bag,,-3.87,05 Jan 2026 - 11 Jan 2026
2026-01-07,Import Duties and Tax (Charged by 3PL),MY100075,754658817,754658817-1,Cotton Tote Bag,Cross-border shipment,-7.74,05 Jan 2026 - 11 Jan 2026
2026-01-05,Item Price Credit,MY100076,794605528,794605528-1,Ceramic Mug 350ml,,89.00,05 Jan 2026 - 11 Jan 2026
2026-01-05,Commission,MY100077,794605528,794605528-1,Ceramic Mug 350ml,,-4.00,05 Jan 2026 - 11 Jan 2026
2026-01-05,Payment Fee,MY100078,794605528,794605528-1,Ceramic Mug 350ml,,-2.91,05 Jan 2026 - 11 Jan 2026
2026-01-05,LCP Fee,MY100079,794605528,794605528-1,Ceramic Mug 350ml,,-4.45,05 Jan 2026 - 11 Jan 2026
2026-01-05,Shipping Fee (Charged By 3P),MY100080,794605528,794605528-1,Ceramic Mug 350ml,,-16.02,05 Jan 2026 - 11 Jan 2026
2026-01-05,FBL Handling Fee,MY100081,794605528,794605528-1,Ceramic Mug 350ml,,-2.67,05 Jan 2026 - 11 Jan 2026
2026-01-11,Item Price Credit,MY100082,704881336,704881336-1,Poly Mailer 100pcs,,35.90,05 Jan 2026 - 11 Jan 2026
2026-01-11,Commission,MY100083,704881336,704881336-1,Poly Mailer 100pcs,,-1.62,05 Jan 2026 - 11 Jan 2026
2026-01-11,Payment Fee,MY100084,704881336,704881336-1,Poly Mailer 100pcs,,-1.17,05 Jan 2026 - 11 Jan 2026
2026-01-11,Shipping Fee (Paid By Customer),MY100085,704881336,704881336-1,Poly Mailer 100pcs,,5.00,05 Jan 2026 - 11 Jan 2026
2026-01-11,Shipping Fee Paid by Seller,MY100086,704881336,704881336-1,Poly Mailer 100pcs,,-5.75,05 Jan 2026 - 11 Jan 2026
2026-01-07,Item Price Credit,MY100087,709853432,709853432-1,Baby Hair Clip Set,,129.00,05 Jan 2026 - 11 Jan 2026
2026-01-07,Commission,MY100088,709853432,709853432-1,Baby Hair Clip Set,,-5.80,05 Jan 2026 - 11 Jan 2026
2026-01-07,Payment Fee,MY100089,709853432,709853432-1,Baby Hair Clip Set,,-4.22,05 Jan 2026 - 11 Jan 2026
2026-01-07,Lazcoin discount,MY100090,709853432,709853432-1,Baby Hair Clip Set,,-12.90,05 Jan 2026 - 11 Jan 2026
2026-01-14,Item Price Credit,MY100091,754733462,754733462-1,Cotton Tote Bag,,62.50,12 Jan 2026 - 18 Jan 2026
2026-01-14,Commission,MY100092,754733462,754733462-1,Cotton Tote Bag,,-2.81,12 Jan 2026 - 18 Jan 2026
2026-01-14,Payment Fee,MY100093,754733462,754733462-1,Cotton Tote Bag,,-2.04,12 Jan 2026 - 18 Jan 2026
2026-01-14,Shipping Fee (Paid By Customer),MY100094,754733462,754733462-1,Cotton Tote Bag,,5.00,12 Jan 2026 - 18 Jan 2026
2026-01-14,Shipping Fee Paid by Seller,MY100095,754733462,754733462-1,Cotton Tote Bag,,-5.75,12 Jan 2026 - 18 Jan 2026
2026-01-14,Shipping Fee Voucher (by Lazada),MY100096,754733462,754733462-1,Cotton Tote Bag,,2.50,12 Jan 2026 - 18 Jan 2026
2026-01-14,Promotional Charges Vouchers,MY100097,754733462,754733462-1,Cotton Tote Bag,,-6.25,12 Jan 2026 - 18 Jan 2026
2026-01-14,Shipping Fee (Charged By 3P),MY100098,754733462,754733462-1,Cotton Tote Bag,,-11.25,12 Jan 2026 - 18 Jan 2026
2026-01-14,FBL Handling Fee,MY100099,754733462,754733462-1,Cotton Tote Bag,,-1.87,12 Jan 2026 - 18 Jan 2026
2026-01-14,Import Duties and Tax (Charged by 3PL),MY100100,754733462,754733462-1,Cotton Tote Bag,Cross-border shipment,-3.75,12 Jan 2026 - 18 Jan 2026
2026-01-16,Item Price Credit,MY100101,718473892,718473892-1,Cotton Tote Bag,,12.90,12 Jan 2026 - 18 Jan 2026
2026-01-16,Commission,MY100102,718473892,718473892-1,Cotton Tote Bag,,-0.58,12 Jan 2026 - 18 Jan 2026
2026-01-16,Payment Fee,MY100103,718473892,718473892-1,Cotton Tote Bag,,-0.42,12 Jan 2026 - 18 Jan 2026
2026-01-16,Shipping Fee (Paid By Customer),MY100104,718473892,718473892-1,Cotton Tote Bag,,5.00,12 Jan 2026 - 18 Jan 2026
2026-01-16,Shipping Fee Paid by Seller,MY100105,718473892,718473892-1,Cotton Tote Bag,,-5.75,12 Jan 2026 - 18 Jan 2026
2026-01-16,Shipping Fee Voucher (by Lazada),MY100106,718473892,718473892-1,Cotton Tote Bag,,2.50,12 Jan 2026 - 18 Jan 2026
2026-01-16,LCP Fee,MY100107,718473892,718473892-1,Cotton Tote Bag,,-0.64,12 Jan 2026 - 18 Jan 2026
2026-01-15,Item Price Credit,MY100108,782366294,782366294-1,Cotton Tote Bag,,210.00,12 Jan 2026 - 18 Jan 2026
2026-01-15,Commission,MY100109,782366294,782366294-1,Cotton Tote Bag,,-9.45,12 Jan 2026 - 18 Jan 2026
2026-01-15,Payment Fee,MY100110,782366294,782366294-1,Cotton Tote Bag,,-6.87,12 Jan 2026 - 18 Jan 2026
2026-01-15,Shipping Fee (Paid By Customer),MY100111,782366294,782366294-1,Cotton Tote Bag,,3.90,12 Jan 2026 - 18 Jan 2026
2026-01-15,Shipping Fee Paid by Seller,MY100112,782366294,782366294-1,Cotton Tote Bag,,-4.48,12 Jan 2026 - 18 Jan 2026
2026-01-15,Seller Funded Marketing Voucher,MY100113,782366294,782366294-1,Cotton Tote Bag,,-21.00,12 Jan 2026 - 18 Jan 2026
2026-01-18,Item Price Credit,MY100114,736975199,736975199-1,Cotton Tote Bag,,12.90,12 Jan 2026 - 18 Jan 2026
2026-01-18,Commission,MY100115,736975199,736975199-1,Cotton Tote Bag,,-0.58,12 Jan 2026 - 18 Jan 2026
2026-01-18,Payment Fee,MY100116,736975199,736975199-1,Cotton Tote Bag,,-0.42,12 Jan 2026 - 18 Jan 2026
2026-01-18,Shipping Fee (Paid By Customer),MY100117,736975199,736975199-1,Cotton Tote Bag,,2.50,12 Jan 2026 - 18 Jan 2026
2026-01-18,Shipping Fee Paid by Seller,MY100118,736975199,736975199-1,Cotton Tote Bag,,-2.87,12 Jan 2026 - 18 Jan 2026
2026-01-18,Shipping Fee Voucher (by Lazada),MY100119,736975199,736975199-1,Cotton Tote Bag,,1.25,12 Jan 2026 - 18 Jan 2026
2026-01-18,LCP Fee,MY100120,736975199,736975199-1,Cotton Tote Bag,,-1.29,12 Jan 2026 - 18 Jan 2026
2026-01-18,Shipping Fee (Charged By 3P),MY100121,736975199,736975199-1,Cotton Tote Bag,,-3.74,12 Jan 2026 - 18 Jan 2026
2026-01-18,FBL Handling Fee,MY100122,736975199,736975199-1,Cotton Tote Bag,,-0.39,12 Jan 2026 - 18 Jan 2026
2026-01-13,Item Price Credit,MY100123,798119160,798119160-1,Baby Hair Clip Set,,89.00,12 Jan 2026 - 18 Jan 2026
2026-01-13,Commission,MY100124,798119160,798119160-1,Baby Hair Clip Set,,-4.00,12 Jan 2026 - 18 Jan 2026
2026-01-13,Payment Fee,MY100125,798119160,798119160-1,Baby Hair Clip Set,,-2.91,12 Jan 2026 - 18 Jan 2026
2026-01-13,Promotional Charges Flexi-Combo,MY100126,798119160,798119160-1,Baby Hair Clip Set,,-4.45,12 Jan 2026 - 18 Jan 2026
2026-01-12,Item Price Credit,MY100127,730746423,730746423-1,Stainless Straw Set,,12.90,12 Jan 2026 - 18 Jan 2026
2026-01-12,Commission,MY100128,730746423,730746423-1,Stainless Straw Set,,-0.58,12 Jan 2026 - 18 Jan 2026
2026-01-12,Payment Fee,MY100129,730746423,730746423-1,Stainless Straw Set,,-0.42,12 Jan 2026 - 18 Jan 2026
2026-01-12,Shipping Fee (Paid By Customer),MY100130,730746423,730746423-1,Stainless Straw Set,,3.90,12 Jan 2026 - 18 Jan 2026
2026-01-12,Shipping Fee Paid by Seller,MY100131,730746423,730746423-1,Stainless Straw Set,,-4.48,12 Jan 2026 - 18 Jan 2026
2026-01-12,Shipping Fee Voucher (by Lazada),MY100132,730746423,730746423-1,Stainless Straw Set,,1.95,12 Jan 2026 - 18 Jan 2026
2026-01-12,Promotional Charges Bundles,MY100133,730746423,730746423-1,Stainless Straw Set,,-1.29,12 Jan 2026 - 18 Jan 2026
2026-01-16,Item Price Credit,MY100134,713752051,713752051-1,Stainless Straw Set,,62.50,12 Jan 2026 - 18 Jan 2026
2026-01-16,Commission,MY100135,713752051,713752051-1,Stainless Straw Set,,-2.81,12 Jan 2026 - 18 Jan 2026
2026-01-16,Payment Fee,MY100136,713752051,713752051-1,Stainless Straw Set,,-2.04,12 Jan 2026 - 18 Jan 2026
2026-01-16,Promotional Charges Vouchers,MY100137,713752051,713752051-1,Stainless Straw Set,,-6.25,12 Jan 2026 - 18 Jan 2026
2026-01-16,Campaign Fee,MY100138,713752051,713752051-1,Stainless Straw Set,,-1.25,12 Jan 2026 - 18 Jan 2026
2026-01-14,Item Price Credit,MY100139,749333091,749333091-1,Poly Mailer 100pcs,,129.00,12 Jan 2026 - 18 Jan 2026
2026-01-14,Commission,MY100140,749333091,749333091-1,Poly Mailer 100pcs,,-5.80,12 Jan 2026 - 18 Jan 2026
2026-01-14,Payment Fee,MY100141,749333091,749333091-1,Poly Mailer 100pcs,,-4.22,12 Jan 2026 - 18 Jan 2026
2026-01-14,Shipping Fee (Paid By Customer),MY100142,749333091,749333091-1,Poly Mailer 100pcs,,5.00,12 Jan 2026 - 18 Jan 2026
2026-01-14,Shipping Fee Paid by Seller,MY100143,749333091,749333091-1,Poly Mailer 100pcs,,-5.75,12 Jan 2026 - 18 Jan 2026
2026-01-14,Shipping Fee Voucher (by Lazada),MY100144,749333091,749333091-1,Poly Mailer 100pcs,,2.50,12 Jan 2026 - 18 Jan 2026
2026-01-14,Shipping Fee (Charged By 3P),MY100145,749333091,749333091-1,Poly Mailer 100pcs,,-37.41,12 Jan 2026 - 18 Jan 2026
2026-01-14,Campaign Fee,MY100146,749333091,749333091-1,Poly Mailer 100pcs,,-2.58,12 Jan 2026 - 18 Jan 2026
2026-01-17,Item Price Credit,MY100147,784005601,784005601-1,Cotton Tote Bag,,24.00,12 Jan 2026 - 18 Jan 2026
2026-01-17,Commission,MY100148,784005601,784005601-1,Cotton Tote Bag,,-1.08,12 Jan 2026 - 18 Jan 2026
2026-01-17,Payment Fee,MY100149,784005601,784005601-1,Cotton Tote Bag,,-0.78,12 Jan 2026 - 18 Jan 2026
2026-01-17,Promotional Charges Bundles,MY100150,784005601,784005601-1,Cotton Tote Bag,,-2.40,12 Jan 2026 - 18 Jan 2026
2026-01-17,Shipping Fee (Charged By 3P),MY100151,784005601,784005601-1,Cotton Tote Bag,,-4.32,12 Jan 2026 - 18 Jan 2026
2026-01-17,Item Price Credit,MY100152,786967964,786967964-1,Baby Hair Clip Set,,19.50,12 Jan 2026 - 18 Jan 2026
2026-01-17,Commission,MY100153,786967964,786967964-1,Baby Hair Clip Set,,-0.88,12 Jan 2026 - 18 Jan 2026
2026-01-17,Payment Fee,MY100154,786967964,786967964-1,Baby Hair Clip Set,,-0.64,12 Jan 2026 - 18 Jan 2026
2026-01-17,Shipping Fee (Paid By Customer),MY100155,786967964,786967964-1,Baby Hair Clip Set,,3.90,12 Jan 2026 - 18 Jan 2026
2026-01-17,Shipping Fee Paid by Seller,MY100156,786967964,786967964-1,Baby Hair Clip Set,,-4.48,12 Jan 2026 - 18 Jan 2026
2026-01-17,Shipping Fee Voucher (by Lazada),MY100157,786967964,786967964-1,Baby Hair Clip Set,,1.95,12 Jan 2026 - 18 Jan 2026
2026-01-17,Lazcoin discount,MY100158,786967964,786967964-1,Baby Hair Clip Set,,-0.97,12 Jan 2026 - 18 Jan 2026
2026-01-16,Item Price Credit,MY100159,731566051,731566051-1,Baby Hair Clip Set,,62.50,12 Jan 2026 - 18 Jan 2026
2026-01-16,Commission,MY100160,731566051,731566051-1,Baby Hair Clip Set,,-2.81,12 Jan 2026 - 18 Jan 2026
2026-01-16,Payment Fee,MY100161,731566051,731566051-1,Baby Hair Clip Set,,-2.04,12 Jan 2026 - 18 Jan 2026
2026-01-16,LCP Fee,MY100162,731566051,731566051-1,Baby Hair Clip Set,,-3.12,12 Jan 2026 - 18 Jan 2026
2026-01-16,Seller Picks Commission,MY100163,731566051,731566051-1,Baby Hair Clip Set,,-1.87,12 Jan 2026 - 18 Jan 2026
2026-01-14,Item Price Credit,MY100164,703925759,703925759-1,Ceramic Mug 350ml,,62.50,12 Jan 2026 - 18 Jan 2026
2026-01-14,Commission,MY100165,703925759,703925759-1,Ceramic Mug 350ml,,-2.81,12 Jan 2026 - 18 Jan 2026
2026-01-14,Payment Fee,MY100166,703925759,703925759-1,Ceramic Mug 350ml,,-2.04,12 Jan 2026 - 18 Jan 2026
2026-01-14,Shipping Fee (Paid By Customer),MY100167,703925759,703925759-1,Ceramic Mug 350ml,,5.00,12 Jan 2026 - 18 Jan 2026
2026-01-14,Shipping Fee Paid by Seller,MY100168,703925759,703925759-1,Ceramic Mug 350ml,,-5.75,12 Jan 2026 - 18 Jan 2026
2026-01-13,Item Price Credit,MY100169,720511169,720511169-1,Stainless Straw Set,,24.00,12 Jan 2026 - 18 Jan 2026
2026-01-13,Commission,MY100170,720511169,720511169-1,Stainless Straw Set,,-1.08,12 Jan 2026 - 18 Jan 2026
2026-01-13,Payment Fee,MY100171,720511169,720511169-1,Stainless Straw Set,,-0.78,12 Jan 2026 - 18 Jan 2026
2026-01-13,Shipping Fee (Paid By Customer),MY100172,720511169,720511169-1,Stainless Straw Set,,3.90,12 Jan 2026 - 18 Jan 2026
2026-01-13,Shipping Fee Paid by Seller,MY100173,720511169,720511169-1,Stainless Straw Set,,-4.48,12 Jan 2026 - 18 Jan 2026
2026-01-13,Shipping Fee Voucher (by Lazada),MY100174,720511169,720511169-1,Stainless Straw Set,,1.95,12 Jan 2026 - 18 Jan 2026
2026-01-13,Promotional Charges Vouchers,MY100175,720511169,720511169-1,Stainless Straw Set,,-2.40,12 Jan 2026 - 18 Jan 2026
2026-01-13,Shipping Fee (Charged By 3P),MY100176,720511169,720511169-1,Stainless Straw Set,,-6.96,12 Jan 2026 - 18 Jan 2026
2026-01-13,FBL Handling Fee,MY100177,720511169,720511169-1,Stainless Straw Set,,-0.72,12 Jan 2026 - 18 Jan 2026
2026-01-13,Campaign Fee,MY100178,720511169,720511169-1,Stainless Straw Set,,-0.48,12 Jan 2026 - 18 Jan 2026
2026-01-14,Item Price Credit,MY100179,790232074,790232074-1,Cotton Tote Bag,,24.00,12 Jan 2026 - 18 Jan 2026
2026-01-14,Commission,MY100180,790232074,790232074-1,Cotton Tote Bag,,-1.08,12 Jan 2026 - 18 Jan 2026
2026-01-14,Payment Fee,MY100181,790232074,790232074-1,Cotton Tote Bag,,-0.78,12 Jan 2026 - 18 Jan 2026
2026-01-14,LCP Fee,MY100182,790232074,790232074-1,Cotton Tote Bag,,-2.40,12 Jan 2026 - 18 Jan 2026
2026-01-14,Campaign Fee,MY100183,790232074,790232074-1,Cotton Tote Bag,,-0.48,12 Jan 2026 - 18 Jan 2026
2026-01-18,Item Price Credit,MY100184,710352906,710352906-1,Stainless Straw Set,,89.00,12 Jan 2026 - 18 Jan 2026
2026-01-18,Commission,MY100185,710352906,710352906-1,Stainless Straw Set,,-4.00,12 Jan 2026 - 18 Jan 2026
2026-01-18,Payment Fee,MY100186,710352906,710352906-1,Stainless Straw Set,,-2.91,12 Jan 2026 - 18 Jan 2026
2026-01-18,Promotional Charges Bundles,MY100187,710352906,710352906-1,Stainless Straw Set,,-8.90,12 Jan 2026 - 18 Jan 2026
2026-01-16,Item Price Credit,MY100188,792247993,792247993-1,Cotton Tote Bag,,62.50,12 Jan 2026 - 18 Jan 2026
2026-01-16,Commission,MY100189,792247993,792247993-1,Cotton Tote Bag,,-2.81,12 Jan 2026 - 18 Jan 2026
2026-01-16,Payment Fee,MY100190,792247993,792247993-1,Cotton Tote Bag,,-2.04,12 Jan 2026 - 18 Jan 2026
2026-01-16,Shipping Fee (Paid By Customer),MY100191,792247993,792247993-1,Cotton Tote Bag,,5.00,12 Jan 2026 - 18 Jan 2026
2026-01-16,Shipping Fee Paid by Seller,MY100192,792247993,792247993-1,Cotton Tote Bag,,-5.75,12 Jan 2026 - 18 Jan 2026
2026-01-16,Shipping Fee Voucher (by Lazada),MY100193,792247993,792247993-1,Cotton Tote Bag,,2.50,12 Jan 2026 - 18 Jan 2026
2026-01-16,Lazcoin discount,MY100194,792247993,792247993-1,Cotton Tote Bag,,-6.25,12 Jan 2026 - 18 Jan 2026
2026-01-13,Item Price Credit,MY100195,701763785,701763785-1,Ceramic Mug 350ml,,12.90,12 Jan 2026 - 18 Jan 2026
2026-01-13,Commission,MY100196,701763785,701763785-1,Ceramic Mug 350ml,,-0.58,12 Jan 2026 - 18 Jan 2026
2026-01-13,Payment Fee,MY100197,701763785,701763785-1,Ceramic Mug 350ml,,-0.42,12 Jan 2026 - 18 Jan 2026
2026-01-13,Shipping Fee (Paid By Customer),MY100198,701763785,701763785-1,Ceramic Mug 350ml,,2.50,12 Jan 2026 - 18 Jan 2026
2026-01-13,Shipping Fee Paid by Seller,MY100199,701763785,701763785-1,Ceramic Mug 350ml,,-2.87,12 Jan 2026 - 18 Jan 2026
2026-01-13,Lazcoin discount,MY100200,701763785,701763785-1,Ceramic Mug 350ml,,-0.64,12 Jan 2026 - 18 Jan 2026
2026-01-12,Item Price Credit,MY100201,726721223,726721223-1,Baby Hair Clip Set,,210.00,12 Jan 2026 - 18 Jan 2026
2026-01-12,Commission,MY100202,726721223,726721223-1,Baby Hair Clip Set,,-9.45,12 Jan 2026 - 18 Jan 2026
2026-01-12,Payment Fee,MY100203,726721223,726721223-1,Baby Hair Clip Set,,-6.87,12 Jan 2026 - 18 Jan 2026
2026-01-12,Shipping Fee (Paid By Customer),MY100204,726721223,726721223-1,Baby Hair Clip Set,,2.50,12 Jan 2026 - 18 Jan 2026
2026-01-12,Shipping Fee Paid by Seller,MY100205,726721223,726721223-1,Baby Hair Clip Set,,-2.87,12 Jan 2026 - 18 Jan 2026
2026-01-12,Shipping Fee Voucher (by Lazada),MY100206,726721223,726721223-1,Baby Hair Clip Set,,1.25,12 Jan 2026 - 18 Jan 2026
2026-01-12,Lazcoin discount,MY100207,726721223,726721223-1,Baby Hair Clip Set,,-21.00,12 Jan 2026 - 18 Jan 2026
2026-01-12,Shipping Fee (Charged By 3P),MY100208,726721223,726721223-1,Baby Hair Clip Set,,-60.90,12 Jan 2026 - 18 Jan 2026
2026-01-12,FBL Handling Fee,MY100209,726721223,726721223-1,Baby Hair Clip Set,,-6.30,12 Jan 2026 - 18 Jan 2026
2026-01-14,Reversal Item Price,MY100210,772008820,772008820-1,Poly Mailer 100pcs,Partial return accepted,-24.00,12 Jan 2026 - 18 Jan 2026
2026-01-14,Reversal Commission,MY100211,772008820,772008820-1,Poly Mailer 100pcs,,1.08,12 Jan 2026 - 18 Jan 2026
2026-01-14,Payment Fee Credit,MY100212,772008820,772008820-1,Poly Mailer 100pcs,,0.79,12 Jan 2026 - 18 Jan 2026
2026-01-14,Reversal Promotional Charges Vouchers,MY100213,772008820,772008820-1,Poly Mailer 100pcs,Reverses LCP Fee,2.40,12 Jan 2026 - 18 Jan 2026
2026-01-16,Reversal Item Price,MY100214,754658817,754658817-1,Cotton Tote Bag,Buyer returned item,-129.00,12 Jan 2026 - 18 Jan 2026
2026-01-16,Reversal Commission,MY100215,754658817,754658817-1,Cotton Tote Bag,,5.80,12 Jan 2026 - 18 Jan 2026
2026-01-16,Payment Fee Credit,MY100216,754658817,754658817-1,Cotton Tote Bag,,4.22,12 Jan 2026 - 18 Jan 2026
2026-01-16,Reversal Promotional Charges Vouchers,MY100217,754658817,754658817-1,Cotton Tote Bag,Reverses Promotional Charges Flexi-Combo,12.90,12 Jan 2026 - 18 Jan 2026
2026-01-16,Return shipping fees,MY100218,754658817,754658817-1,Cotton Tote Bag,Return leg charged to seller,-2.50,12 Jan 2026 - 18 Jan 2026
2026-01-17,Reversal Item Price,MY100219,771854285,771854285-1,Cotton Tote Bag,Partial return accepted,-105.00,12 Jan 2026 - 18 Jan 2026
2026-01-17,Reversal Commission,MY100220,771854285,771854285-1,Cotton Tote Bag,,4.73,12 Jan 2026 - 18 Jan 2026
2026-01-17,Payment Fee Credit,MY100221,771854285,771854285-1,Cotton Tote Bag,,3.44,12 Jan 2026 - 18 Jan 2026
2026-01-17,Reversal Promotional Charges Vouchers,MY100222,771854285,771854285-1,Cotton Tote Bag,Reverses Promotional Charges Flexi-Combo,5.25,12 Jan 2026 - 18 Jan 2026
2026-01-20,Item Price Credit,MY100223,782982521,782982521-1,Baby Hair Clip Set,,129.00,19 Jan 2026 - 25 Jan 2026
2026-01-20,Commission,MY100224,782982521,782982521-1,Baby Hair Clip Set,,-5.80,19 Jan 2026 - 25 Jan 2026
2026-01-20,Payment Fee,MY100225,782982521,782982521-1,Baby Hair Clip Set,,-4.22,19 Jan 2026 - 25 Jan 2026
2026-01-20,Shipping Fee (Paid By Customer),MY100226,782982521,782982521-1,Baby Hair Clip Set,,5.00,19 Jan 2026 - 25 Jan 2026
2026-01-20,Shipping Fee Paid by Seller,MY100227,782982521,782982521-1,Baby Hair Clip Set,,-5.75,19 Jan 2026 - 25 Jan 2026
2026-01-20,Lazcoin discount,MY100228,782982521,782982521-1,Baby Hair Clip Set,,-12.90,19 Jan 2026 - 25 Jan 2026
2026-01-20,Shipping Fee (Charged By 3P),MY100229,782982521,782982521-1,Baby Hair Clip Set,,-37.41,19 Jan 2026 - 25 Jan 2026
2026-01-21,Item Price Credit,MY100230,753221100,753221100-1,Ceramic Mug 350ml,,62.50,19 Jan 2026 - 25 Jan 2026
2026-01-21,Commission,MY100231,753221100,753221100-1,Ceramic Mug 350ml,,-2.81,19 Jan 2026 - 25 Jan 2026
2026-01-21,Payment Fee,MY100232,753221100,753221100-1,Ceramic Mug 350ml,,-2.04,19 Jan 2026 - 25 Jan 2026
2026-01-21,Promotional Charges Vouchers,MY100233,753221100,753221100-1,Ceramic Mug 350ml,,-6.25,19 Jan 2026 - 25 Jan 2026
2026-01-22,Item Price Credit,MY100234,791068110,791068110-1,Stainless Straw Set,,210.00,19 Jan 2026 - 25 Jan 2026
2026-01-22,Commission,MY100235,791068110,791068110-1,Stainless Straw Set,,-9.45,19 Jan 2026 - 25 Jan 2026
2026-01-22,Payment Fee,MY100236,791068110,791068110-1,Stainless Straw Set,,-6.87,19 Jan 2026 - 25 Jan 2026
2026-01-22,Shipping Fee (Paid By Customer),MY100237,791068110,791068110-1,Stainless Straw Set,,5.00,19 Jan 2026 - 25 Jan 2026
2026-01-22,Shipping Fee Paid by Seller,MY100238,791068110,791068110-1,Stainless Straw Set,,-5.75,19 Jan 2026 - 25 Jan 2026
2026-01-22,Promotional Charges Flexi-Combo,MY100239,791068110,791068110-1,Stainless Straw Set,,-10.50,19 Jan 2026 - 25 Jan 2026
2026-01-25,Item Price Credit,MY100240,717073078,717073078-1,Cotton Tote Bag,,24.00,19 Jan 2026 - 25 Jan 2026
2026-01-25,Commission,MY100241,717073078,717073078-1,Cotton Tote Bag,,-1.08,19 Jan 2026 - 25 Jan 2026
2026-01-25,Payment Fee,MY100242,717073078,717073078-1,Cotton Tote Bag,,-0.78,19 Jan 2026 - 25 Jan 2026
2026-01-25,Seller Funded Marketing Voucher,MY100243,717073078,717073078-1,Cotton Tote Bag,,-1.20,19 Jan 2026 - 25 Jan 2026
2026-01-25,Shipping Fee (Charged By 3P),MY100244,717073078,717073078-1,Cotton Tote Bag,,-6.96,19 Jan 2026 - 25 Jan 2026
2026-01-25,FBL Handling Fee,MY100245,717073078,717073078-1,Cotton Tote Bag,,-0.72,19 Jan 2026 - 25 Jan 2026
2026-01-24,Item Price Credit,MY100246,730124411,730124411-1,Ceramic Mug 350ml,,129.00,19 Jan 2026 - 25 Jan 2026
2026-01-24,Commission,MY100247,730124411,730124411-1,Ceramic Mug 350ml,,-5.80,19 Jan 2026 - 25 Jan 2026
2026-01-24,Payment Fee,MY100248,730124411,730124411-1,Ceramic Mug 350ml,,-4.22,19 Jan 2026 - 25 Jan 2026
2026-01-24,Lazcoin discount,MY100249,730124411,730124411-1,Ceramic Mug 350ml,,-12.90,19 Jan 2026 - 25 Jan 2026
2026-01-23,Item Price Credit,MY100250,702776627,702776627-1,Poly Mailer 100pcs,,19.50,19 Jan 2026 - 25 Jan 2026
2026-01-23,Commission,MY100251,702776627,702776627-1,Poly Mailer 100pcs,,-0.88,19 Jan 2026 - 25 Jan 2026
2026-01-23,Payment Fee,MY100252,702776627,702776627-1,Poly Mailer 100pcs,,-0.64,19 Jan 2026 - 25 Jan 2026
2026-01-23,Shipping Fee (Paid By Customer),MY100253,702776627,702776627-1,Poly Mailer 100pcs,,3.90,19 Jan 2026 - 25 Jan 2026
2026-01-23,Shipping Fee Paid by Seller,MY100254,702776627,702776627-1,Poly Mailer 100pcs,,-4.48,19 Jan 2026 - 25 Jan 2026
2026-01-23,Shipping Fee Voucher (by Lazada),MY100255,702776627,702776627-1,Poly Mailer 100pcs,,1.95,19 Jan 2026 - 25 Jan 2026
2026-01-23,Promotional Charges Flexi-Combo,MY100256,702776627,702776627-1,Poly Mailer 100pcs,,-1.95,19 Jan 2026 - 25 Jan 2026
2026-01-23,Shipping Fee (Charged By 3P),MY100257,702776627,702776627-1,Poly Mailer 100pcs,,-3.51,19 Jan 2026 - 25 Jan 2026
2026-01-23,Item Price Credit,MY100258,733815989,733815989-1,Stainless Straw Set,,19.50,19 Jan 2026 - 25 Jan 2026
2026-01-23,Commission,MY100259,733815989,733815989-1,Stainless Straw Set,,-0.88,19 Jan 2026 - 25 Jan 2026
2026-01-23,Payment Fee,MY100260,733815989,733815989-1,Stainless Straw Set,,-0.64,19 Jan 2026 - 25 Jan 2026
2026-01-23,Lazcoin discount,MY100261,733815989,733815989-1,Stainless Straw Set,,-1.95,19 Jan 2026 - 25 Jan 2026
2026-01-23,Shipping Fee (Charged By 3P),MY100262,733815989,733815989-1,Stainless Straw Set,,-3.51,19 Jan 2026 - 25 Jan 2026
2026-01-24,Item Price Credit,MY100263,798974719,798974719-1,Poly Mailer 100pcs,,19.50,19 Jan 2026 - 25 Jan 2026
2026-01-24,Commission,MY100264,798974719,798974719-1,Poly Mailer 100pcs,,-0.88,19 Jan 2026 - 25 Jan 2026
2026-01-24,Payment Fee,MY100265,798974719,798974719-1,Poly Mailer 100pcs,,-0.64,19 Jan 2026 - 25 Jan 2026
2026-01-24,Seller Funded Marketing Voucher,MY100266,798974719,798974719-1,Poly Mailer 100pcs,,-1.95,19 Jan 2026 - 25 Jan 2026
2026-01-24,Campaign Fee,MY100267,798974719,798974719-1,Poly Mailer 100pcs,,-0.39,19 Jan 2026 - 25 Jan 2026
2026-01-24,Seller Picks Commission,MY100268,798974719,798974719-1,Poly Mailer 100pcs,,-0.58,19 Jan 2026 - 25 Jan 2026
2026-01-23,Item Price Credit,MY100269,762923404,762923404-1,Cotton Tote Bag,,19.50,19 Jan 2026 - 25 Jan 2026
2026-01-23,Commission,MY100270,762923404,762923404-1,Cotton Tote Bag,,-0.88,19 Jan 2026 - 25 Jan 2026
2026-01-23,Payment Fee,MY100271,762923404,762923404-1,Cotton Tote Bag,,-0.64,19 Jan 2026 - 25 Jan 2026
2026-01-23,Shipping Fee (Paid By Customer),MY100272,762923404,762923404-1,Cotton Tote Bag,,5.00,19 Jan 2026 - 25 Jan 2026
2026-01-23,Shipping Fee Paid by Seller,MY100273,762923404,762923404-1,Cotton Tote Bag,,-5.75,19 Jan 2026 - 25 Jan 2026
2026-01-23,Shipping Fee Voucher (by Lazada),MY100274,762923404,762923404-1,Cotton Tote Bag,,2.50,19 Jan 2026 - 25 Jan 2026
2026-01-23,Lazcoin discount,MY100275,762923404,762923404-1,Cotton Tote Bag,,-0.97,19 Jan 2026 - 25 Jan 2026
2026-01-23,Item Price Credit,MY100276,782380971,782380971-1,Cotton Tote Bag,,19.50,19 Jan 2026 - 25 Jan 2026
2026-01-23,Commission,MY100277,782380971,782380971-1,Cotton Tote Bag,,-0.88,19 Jan 2026 - 25 Jan 2026
2026-01-23,Payment Fee,MY100278,782380971,782380971-1,Cotton Tote Bag,,-0.64,19 Jan 2026 - 25 Jan 2026
2026-01-23,Shipping Fee (Paid By Customer),MY100279,782380971,782380971-1,Cotton Tote Bag,,3.90,19 Jan 2026 - 25 Jan 2026
2026-01-23,Shipping Fee Paid by Seller,MY100280,782380971,782380971-1,Cotton Tote Bag,,-4.48,19 Jan 2026 - 25 Jan 2026
2026-01-23,Promotional Charges Flexi-Combo,MY100281,782380971,782380971-1,Cotton Tote Bag,,-1.95,19 Jan 2026 - 25 Jan 2026
2026-01-23,Reimbursements Withholding tax,MY100282,782380971,782380971-1,Cotton Tote Bag,,-0.19,19 Jan 2026 - 25 Jan 2026
2026-01-20,Item Price Credit,MY100283,708723384,708723384-1,Ceramic Mug 350ml,,24.00,19 Jan 2026 - 25 Jan 2026
2026-01-20,Commission,MY100284,708723384,708723384-1,Ceramic Mug 350ml,,-1.08,19 Jan 2026 - 25 Jan 2026
2026-01-20,Payment Fee,MY100285,708723384,708723384-1,Ceramic Mug 350ml,,-0.78,19 Jan 2026 - 25 Jan 2026
2026-01-20,Shipping Fee (Paid By Customer),MY100286,708723384,708723384-1,Ceramic Mug 350ml,,3.90,19 Jan 2026 - 25 Jan 2026
2026-01-20,Shipping Fee Paid by Seller,MY100287,708723384,708723384-1,Ceramic Mug 350ml,,-4.48,19 Jan 2026 - 25 Jan 2026
2026-01-20,Lazcoin discount,MY100288,708723384,708723384-1,Ceramic Mug 350ml,,-2.40,19 Jan 2026 - 25 Jan 2026
2026-01-20,Shipping Fee (Charged By 3P),MY100289,708723384,708723384-1,Ceramic Mug 350ml,,-6.96,19 Jan 2026 - 25 Jan 2026
2026-01-20,Import Duties and Tax (Charged by 3PL),MY100290,708723384,708723384-1,Ceramic Mug 350ml,Cross-border shipment,-1.44,19 Jan 2026 - 25 Jan 2026
2026-01-20,Campaign Fee,MY100291,708723384,708723384-1,Ceramic Mug 350ml,,-0.48,19 Jan 2026 - 25 Jan 2026
2026-01-22,Item Price Credit,MY100292,782414368,782414368-1,Poly Mailer 100pcs,,210.00,19 Jan 2026 - 25 Jan 2026
2026-01-22,Commission,MY100293,782414368,782414368-1,Poly Mailer 100pcs,,-9.45,19 Jan 2026 - 25 Jan 2026
2026-01-22,Payment Fee,MY100294,782414368,782414368-1,Poly Mailer 100pcs,,-6.87,19 Jan 2026 - 25 Jan 2026
2026-01-22,Shipping Fee (Paid By Customer),MY100295,782414368,782414368-1,Poly Mailer 100pcs,,5.00,19 Jan 2026 - 25 Jan 2026
2026-01-22,Shipping Fee Paid by Seller,MY100296,782414368,782414368-1,Poly Mailer 100pcs,,-5.75,19 Jan 2026 - 25 Jan 2026
2026-01-22,LCP Fee,MY100297,782414368,782414368-1,Poly Mailer 100pcs,,-10.50,19 Jan 2026 - 25 Jan 2026
2026-01-21,Item Price Credit,MY100298,794060551,794060551-1,Stainless Straw Set,,129.00,19 Jan 2026 - 25 Jan 2026
2026-01-21,Commission,MY100299,794060551,794060551-1,Stainless Straw Set,,-5.80,19 Jan 2026 - 25 Jan 2026
2026-01-21,Payment Fee,MY100300,794060551,794060551-1,Stainless Straw Set,,-4.22,19 Jan 2026 - 25 Jan 2026
2026-01-21,LCP Fee,MY100301,794060551,794060551-1,Stainless Straw Set,,-6.45,19 Jan 2026 - 25 Jan 2026
2026-01-23,Item Price Credit,MY100302,744906173,744906173-1,Stainless Straw Set,,19.50,19 Jan 2026 - 25 Jan 2026
2026-01-23,Commission,MY100303,744906173,744906173-1,Stainless Straw Set,,-0.88,19 Jan 2026 - 25 Jan 2026
2026-01-23,Payment Fee,MY100304,744906173,744906173-1,Stainless Straw Set,,-0.64,19 Jan 2026 - 25 Jan 2026
2026-01-23,Shipping Fee (Charged By 3P),MY100305,744906173,744906173-1,Stainless Straw Set,,-3.51,19 Jan 2026 - 25 Jan 2026
2026-01-23,FBL Handling Fee,MY100306,744906173,744906173-1,Stainless Straw Set,,-0.58,19 Jan 2026 - 25 Jan 2026
2026-01-23,Import Duties and Tax (Charged by 3PL),MY100307,744906173,744906173-1,Stainless Straw Set,Cross-border shipment,-1.17,19 Jan 2026 - 25 Jan 2026
2026-01-21,Item Price Credit,MY100308,771163852,771163852-1,Poly Mailer 100pcs,,35.90,19 Jan 2026 - 25 Jan 2026
2026-01-21,Commission,MY100309,771163852,771163852-1,Poly Mailer 100pcs,,-1.62,19 Jan 2026 - 25 Jan 2026
2026-01-21,Payment Fee,MY100310,771163852,771163852-1,Poly Mailer 100pcs,,-1.17,19 Jan 2026 - 25 Jan 2026
2026-01-21,Shipping Fee (Paid By Customer),MY100311,771163852,771163852-1,Poly Mailer 100pcs,,5.00,19 Jan 2026 - 25 Jan 2026
2026-01-21,Shipping Fee Paid by Seller,MY100312,771163852,771163852-1,Poly Mailer 100pcs,,-5.75,19 Jan 2026 - 25 Jan 2026
2026-01-21,LCP Fee,MY100313,771163852,771163852-1,Poly Mailer 100pcs,,-3.59,19 Jan 2026 - 25 Jan 2026
2026-01-21,Seller Picks Commission,MY100314,771163852,771163852-1,Poly Mailer 100pcs,,-1.08,19 Jan 2026 - 25 Jan 2026
2026-01-20,Item Price Credit,MY100315,712961975,712961975-1,Baby Hair Clip Set,,129.00,19 Jan 2026 - 25 Jan 2026
2026-01-20,Commission,MY100316,712961975,712961975-1,Baby Hair Clip Set,,-5.80,19 Jan 2026 - 25 Jan 2026
2026-01-20,Payment Fee,MY100317,712961975,712961975-1,Baby Hair Clip Set,,-4.22,19 Jan 2026 - 25 Jan 2026
2026-01-20,Shipping Fee (Paid By Customer),MY100318,712961975,712961975-1,Baby Hair Clip Set,,3.90,19 Jan 2026 - 25 Jan 2026
2026-01-20,Shipping Fee Paid by Seller,MY100319,712961975,712961975-1,Baby Hair Clip Set,,-4.48,19 Jan 2026 - 25 Jan 2026
2026-01-20,Shipping Fee Voucher (by Lazada),MY100320,712961975,712961975-1,Baby Hair Clip Set,,1.95,19 Jan 2026 - 25 Jan 2026
2026-01-20,Seller Funded Marketing Voucher,MY100321,712961975,712961975-1,Baby Hair Clip Set,,-6.45,19 Jan 2026 - 25 Jan 2026
2026-01-22,Item Price Credit,MY100322,789009764,789009764-1,Baby Hair Clip Set,,62.50,19 Jan 2026 - 25 Jan 2026
2026-01-22,Commission,MY100323,789009764,789009764-1,Baby Hair Clip Set,,-2.81,19 Jan 2026 - 25 Jan 2026
2026-01-22,Payment Fee,MY100324,789009764,789009764-1,Baby Hair Clip Set,,-2.04,19 Jan 2026 - 25 Jan 2026
2026-01-22,Promotional Charges Bundles,MY100325,789009764,789009764-1,Baby Hair Clip Set,,-6.25,19 Jan 2026 - 25 Jan 2026
2026-01-22,Item Price Credit,MY100326,729045180,729045180-1,Stainless Straw Set,,24.00,19 Jan 2026 - 25 Jan 2026
2026-01-22,Commission,MY100327,729045180,729045180-1,Stainless Straw Set,,-1.08,19 Jan 2026 - 25 Jan 2026
2026-01-22,Payment Fee,MY100328,729045180,729045180-1,Stainless Straw Set,,-0.78,19 Jan 2026 - 25 Jan 2026
2026-01-22,Promotional Charges Flexi-Combo,MY100329,729045180,729045180-1,Stainless Straw Set,,-2.40,19 Jan 2026 - 25 Jan 2026
2026-01-22,Campaign Fee,MY100330,729045180,729045180-1,Stainless Straw Set,,-0.48,19 Jan 2026 - 25 Jan 2026
2026-01-23,Reversal Item Price,MY100331,749362030,749362030-1,Ceramic Mug 350ml,Buyer returned item,-48.00,19 Jan 2026 - 25 Jan 2026
2026-01-23,Reversal Commission,MY100332,749362030,749362030-1,Ceramic Mug 350ml,,2.16,19 Jan 2026 - 25 Jan 2026
2026-01-23,Payment Fee Credit,MY100333,749362030,749362030-1,Ceramic Mug 350ml,,1.57,19 Jan 2026 - 25 Jan 2026
2026-01-23,Reversal Item Price,MY100334,772294029,772294029-1,Stainless Straw Set,Buyer returned item,-19.50,19 Jan 2026 - 25 Jan 2026
2026-01-23,Reversal Commission,MY100335,772294029,772294029-1,Stainless Straw Set,,0.88,19 Jan 2026 - 25 Jan 2026
2026-01-23,Payment Fee Credit,MY100336,772294029,772294029-1,Stainless Straw Set,,0.64,19 Jan 2026 - 25 Jan 2026
2026-01-23,Reversal Promotional Charges Vouchers,MY100337,772294029,772294029-1,Stainless Straw Set,Reverses Promotional Charges Flexi-Combo,0.97,19 Jan 2026 - 25 Jan 2026
2026-01-24,Reversal Item Price,MY100338,710601608,710601608-1,Cotton Tote Bag,Buyer returned item,-129.00,19 Jan 2026 - 25 Jan 2026
2026-01-24,Reversal Commission,MY100339,710601608,710601608-1,Cotton Tote Bag,,5.80,19 Jan 2026 - 25 Jan 2026
2026-01-24,Payment Fee Credit,MY100340,710601608,710601608-1,Cotton Tote Bag,,4.22,19 Jan 2026 - 25 Jan 2026
2026-01-24,Reversal Promotional Charges Vouchers,MY100341,710601608,710601608-1,Cotton Tote Bag,Reverses Promotional Charges Flexi-Combo,6.45,19 Jan 2026 - 25 Jan 2026
2026-01-29,Item Price Credit,MY100342,783906497,783906497-1,Poly Mailer 100pcs,,89.00,26 Jan 2026 - 01 Feb 2026
2026-01-29,Commission,MY100343,783906497,783906497-1,Poly Mailer 100pcs,,-4.00,26 Jan 2026 - 01 Feb 2026
2026-01-29,Payment Fee,MY100344,783906497,783906497-1,Poly Mailer 100pcs,,-2.91,26 Jan 2026 - 01 Feb 2026
2026-01-29,Shipping Fee (Paid By Customer),MY100345,783906497,783906497-1,Poly Mailer 100pcs,,5.00,26 Jan 2026 - 01 Feb 2026
2026-01-29,Shipping Fee Paid by Seller,MY100346,783906497,783906497-1,Poly Mailer 100pcs,,-5.75,26 Jan 2026 - 01 Feb 2026
2026-01-29,Promotional Charges Vouchers,MY100347,783906497,783906497-1,Poly Mailer 100pcs,,-4.45,26 Jan 2026 - 01 Feb 2026
2026-01-29,Seller Picks Commission,MY100348,783906497,783906497-1,Poly Mailer 100pcs,,-2.67,26 Jan 2026 - 01 Feb 2026
2026-01-31,Item Price Credit,MY100349,779621540,779621540-1,Poly Mailer 100pcs,,24.00,26 Jan 2026 - 01 Feb 2026
2026-01-31,Commission,MY100350,779621540,779621540-1,Poly Mailer 100pcs,,-1.08,26 Jan 2026 - 01 Feb 2026
2026-01-31,Payment Fee,MY100351,779621540,779621540-1,Poly Mailer 100pcs,,-0.78,26 Jan 2026 - 01 Feb 2026
2026-01-31,Shipping Fee (Paid By Customer),MY100352,779621540,779621540-1,Poly Mailer 100pcs,,5.00,26 Jan 2026 - 01 Feb 2026
2026-01-31,Shipping Fee Paid by Seller,MY100353,779621540,779621540-1,Poly Mailer 100pcs,,-5.75,26 Jan 2026 - 01 Feb 2026
2026-01-28,Item Price Credit,MY100354,799247214,799247214-1,Ceramic Mug 350ml,,24.00,26 Jan 2026 - 01 Feb 2026
2026-01-28,Commission,MY100355,799247214,799247214-1,Ceramic Mug 350ml,,-1.08,26 Jan 2026 - 01 Feb 2026
2026-01-28,Payment Fee,MY100356,799247214,799247214-1,Ceramic Mug 350ml,,-0.78,26 Jan 2026 - 01 Feb 2026
2026-01-28,Item Price Credit,MY100357,759859294,759859294-1,Cotton Tote Bag,,19.50,26 Jan 2026 - 01 Feb 2026
2026-01-28,Commission,MY100358,759859294,759859294-1,Cotton Tote Bag,,-0.88,26 Jan 2026 - 01 Feb 2026
2026-01-28,Payment Fee,MY100359,759859294,759859294-1,Cotton Tote Bag,,-0.64,26 Jan 2026 - 01 Feb 2026
2026-01-28,Lazcoin discount,MY100360,759859294,759859294-1,Cotton Tote Bag,,-0.97,26 Jan 2026 - 01 Feb 2026
2026-01-28,Campaign Fee,MY100361,759859294,759859294-1,Cotton Tote Bag,,-0.39,26 Jan 2026 - 01 Feb 2026
2026-01-26,Item Price Credit,MY100362,777929043,777929043-1,Ceramic Mug 350ml,,48.00,26 Jan 2026 - 01 Feb 2026
2026-01-26,Commission,MY100363,777929043,777929043-1,Ceramic Mug 350ml,,-2.16,26 Jan 2026 - 01 Feb 2026
2026-01-26,Payment Fee,MY100364,777929043,777929043-1,Ceramic Mug 350ml,,-1.57,26 Jan 2026 - 01 Feb 2026
2026-01-26,Shipping Fee (Paid By Customer),MY100365,777929043,777929043-1,Ceramic Mug 350ml,,3.90,26 Jan 2026 - 01 Feb 2026
2026-01-26,Shipping Fee Paid by Seller,MY100366,777929043,777929043-1,Ceramic Mug 350ml,,-4.48,26 Jan 2026 - 01 Feb 2026
2026-01-26,Seller Funded Marketing Voucher,MY100367,777929043,777929043-1,Ceramic Mug 350ml,,-2.40,26 Jan 2026 - 01 Feb 2026
2026-01-28,Item Price Credit,MY100368,761931302,761931302-1,Baby Hair Clip Set,,12.90,26 Jan 2026 - 01 Feb 2026
2026-01-28,Commission,MY100369,761931302,761931302-1,Baby Hair Clip Set,,-0.58,26 Jan 2026 - 01 Feb 2026
2026-01-28,Payment Fee,MY100370,761931302,761931302-1,Baby Hair Clip Set,,-0.42,26 Jan 2026 - 01 Feb 2026
2026-01-28,Promotional Charges Vouchers,MY100371,761931302,761931302-1,Baby Hair Clip Set,,-0.64,26 Jan 2026 - 01 Feb 2026
2026-01-28,Item Price Credit,MY100372,720470860,720470860-1,Ceramic Mug 350ml,,12.90,26 Jan 2026 - 01 Feb 2026
2026-01-28,Commission,MY100373,720470860,720470860-1,Ceramic Mug 350ml,,-0.58,26 Jan 2026 - 01 Feb 2026
2026-01-28,Payment Fee,MY100374,720470860,720470860-1,Ceramic Mug 350ml,,-0.42,26 Jan 2026 - 01 Feb 2026
2026-01-28,Shipping Fee (Paid By Customer),MY100375,720470860,720470860-1,Ceramic Mug 350ml,,3.90,26 Jan 2026 - 01 Feb 2026
2026-01-28,Shipping Fee Paid by Seller,MY100376,720470860,720470860-1,Ceramic Mug 350ml,,-4.48,26 Jan 2026 - 01 Feb 2026
2026-01-28,Shipping Fee Voucher (by Lazada),MY100377,720470860,720470860-1,Ceramic Mug 350ml,,1.95,26 Jan 2026 - 01 Feb 2026
2026-01-28,Seller Funded Marketing Voucher,MY100378,720470860,720470860-1,Ceramic Mug 350ml,,-1.29,26 Jan 2026 - 01 Feb 2026
2026-01-28,Campaign Fee,MY100379,720470860,720470860-1,Ceramic Mug 350ml,,-0.26,26 Jan 2026 - 01 Feb 2026
2026-01-31,Item Price Credit,MY100380,762427223,762427223-1,Cotton Tote Bag,,62.50,26 Jan 2026 - 01 Feb 2026
2026-01-31,Commission,MY100381,762427223,762427223-1,Cotton Tote Bag,,-2.81,26 Jan 2026 - 01 Feb 2026
2026-01-31,Payment Fee,MY100382,762427223,762427223-1,Cotton Tote Bag,,-2.04,26 Jan 2026 - 01 Feb 2026
2026-01-31,Shipping Fee (Paid By Customer),MY100383,762427223,762427223-1,Cotton Tote Bag,,5.00,26 Jan 2026 - 01 Feb 2026
2026-01-31,Shipping Fee Paid by Seller,MY100384,762427223,762427223-1,Cotton Tote Bag,,-5.75,26 Jan 2026 - 01 Feb 2026
2026-01-31,Shipping Fee Voucher (by Lazada),MY100385,762427223,762427223-1,Cotton Tote Bag,,2.50,26 Jan 2026 - 01 Feb 2026
2026-01-31,LCP Fee,MY100386,762427223,762427223-1,Cotton Tote Bag,,-3.12,26 Jan 2026 - 01 Feb 2026
2026-01-31,Item Price Credit,MY100387,733273350,733273350-1,Baby Hair Clip Set,,48.00,26 Jan 2026 - 01 Feb 2026
2026-01-31,Commission,MY100388,733273350,733273350-1,Baby Hair Clip Set,,-2.16,26 Jan 2026 - 01 Feb 2026
2026-01-31,Payment Fee,MY100389,733273350,733273350-1,Baby Hair Clip Set,,-1.57,26 Jan 2026 - 01 Feb 2026
2026-01-31,Promotional Charges Bundles,MY100390,733273350,733273350-1,Baby Hair Clip Set,,-4.80,26 Jan 2026 - 01 Feb 2026
2026-01-28,Item Price Credit,MY100391,737544763,737544763-1,Stainless Straw Set,,19.50,26 Jan 2026 - 01 Feb 2026
2026-01-28,Commission,MY100392,737544763,737544763-1,Stainless Straw Set,,-0.88,26 Jan 2026 - 01 Feb 2026
2026-01-28,Payment Fee,MY100393,737544763,737544763-1,Stainless Straw Set,,-0.64,26 Jan 2026 - 01 Feb 2026
2026-01-28,Shipping Fee (Paid By Customer),MY100394,737544763,737544763-1,Stainless Straw Set,,5.00,26 Jan 2026 - 01 Feb 2026
2026-01-28,Shipping Fee Paid by Seller,MY100395,737544763,737544763-1,Stainless Straw Set,,-5.75,26 Jan 2026 - 01 Feb 2026
2026-01-27,Item Price Credit,MY100396,758851200,758851200-1,Cotton Tote Bag,,210.00,26 Jan 2026 - 01 Feb 2026
2026-01-27,Commission,MY100397,758851200,758851200-1,Cotton Tote Bag,,-9.45,26 Jan 2026 - 01 Feb 2026
2026-01-27,Payment Fee,MY100398,758851200,758851200-1,Cotton Tote Bag,,-6.87,26 Jan 2026 - 01 Feb 2026
2026-01-27,Shipping Fee (Paid By Customer),MY100399,758851200,758851200-1,Cotton Tote Bag,,2.50,26 Jan 2026 - 01 Feb 2026
2026-01-27,Shipping Fee Paid by Seller,MY100400,758851200,758851200-1,Cotton Tote Bag,,-2.87,26 Jan 2026 - 01 Feb 2026
2026-01-27,LCP Fee,MY100401,758851200,758851200-1,Cotton Tote Bag,,-10.50,26 Jan 2026 - 01 Feb 2026
2026-01-27,Reimbursements Withholding tax,MY100402,758851200,758851200-1,Cotton Tote Bag,,-2.10,26 Jan 2026 - 01 Feb 2026
2026-01-26,Item Price Credit,MY100403,793400277,793400277-1,Baby Hair Clip Set,,35.90,26 Jan 2026 - 01 Feb 2026
2026-01-26,Commission,MY100404,793400277,793400277-1,Baby Hair Clip Set,,-1.62,26 Jan 2026 - 01 Feb 2026
2026-01-26,Payment Fee,MY100405,793400277,793400277-1,Baby Hair Clip Set,,-1.17,26 Jan 2026 - 01 Feb 2026
2026-01-26,Promotional Charges Flexi-Combo,MY100406,793400277,793400277-1,Baby Hair Clip Set,,-1.79,26 Jan 2026 - 01 Feb 2026
2026-01-27,Item Price Credit,MY100407,770562257,770562257-1,Ceramic Mug 350ml,,129.00,26 Jan 2026 - 01 Feb 2026
2026-01-27,Commission,MY100408,770562257,770562257-1,Ceramic Mug 350ml,,-5.80,26 Jan 2026 - 01 Feb 2026
2026-01-27,Payment Fee,MY100409,770562257,770562257-1,Ceramic Mug 350ml,,-4.22,26 Jan 2026 - 01 Feb 2026
2026-01-27,Shipping Fee (Paid By Customer),MY100410,770562257,770562257-1,Ceramic Mug 350ml,,3.90,26 Jan 2026 - 01 Feb 2026
2026-01-27,Shipping Fee Paid by Seller,MY100411,770562257,770562257-1,Ceramic Mug 350ml,,-4.48,26 Jan 2026 - 01 Feb 2026
2026-01-27,LCP Fee,MY100412,770562257,770562257-1,Ceramic Mug 350ml,,-6.45,26 Jan 2026 - 01 Feb 2026
2026-01-31,Item Price Credit,MY100413,798664559,798664559-1,Baby Hair Clip Set,,19.50,26 Jan 2026 - 01 Feb 2026
2026-01-31,Commission,MY100414,798664559,798664559-1,Baby Hair Clip Set,,-0.88,26 Jan 2026 - 01 Feb 2026
2026-01-31,Payment Fee,MY100415,798664559,798664559-1,Baby Hair Clip Set,,-0.64,26 Jan 2026 - 01 Feb 2026
2026-01-31,Promotional Charges Vouchers,MY100416,798664559,798664559-1,Baby Hair Clip Set,,-1.95,26 Jan 2026 - 01 Feb 2026
2026-01-31,Shipping Fee (Charged By 3P),MY100417,798664559,798664559-1,Baby Hair Clip Set,,-5.65,26 Jan 2026 - 01 Feb 2026
2026-01-31,FBL Handling Fee,MY100418,798664559,798664559-1,Baby Hair Clip Set,,-0.58,26 Jan 2026 - 01 Feb 2026
2026-01-31,Item Price Credit,MY100419,795371799,795371799-1,Poly Mailer 100pcs,,19.50,26 Jan 2026 - 01 Feb 2026
2026-01-31,Commission,MY100420,795371799,795371799-1,Poly Mailer 100pcs,,-0.88,26 Jan 2026 - 01 Feb 2026
2026-01-31,Payment Fee,MY100421,795371799,795371799-1,Poly Mailer 100pcs,,-0.64,26 Jan 2026 - 01 Feb 2026
2026-01-31,LCP Fee,MY100422,795371799,795371799-1,Poly Mailer 100pcs,,-1.95,26 Jan 2026 - 01 Feb 2026
2026-01-31,Reimbursements Withholding tax,MY100423,795371799,795371799-1,Poly Mailer 100pcs,,-0.19,26 Jan 2026 - 01 Feb 2026
2026-01-31,Item Price Credit,MY100424,737068235,737068235-1,Stainless Straw Set,,89.00,26 Jan 2026 - 01 Feb 2026
2026-01-31,Commission,MY100425,737068235,737068235-1,Stainless Straw Set,,-4.00,26 Jan 2026 - 01 Feb 2026
2026-01-31,Payment Fee,MY100426,737068235,737068235-1,Stainless Straw Set,,-2.91,26 Jan 2026 - 01 Feb 2026
2026-01-31,Shipping Fee (Paid By Customer),MY100427,737068235,737068235-1,Stainless Straw Set,,2.50,26 Jan 2026 - 01 Feb 2026
2026-01-31,Shipping Fee Paid by Seller,MY100428,737068235,737068235-1,Stainless Straw Set,,-2.87,26 Jan 2026 - 01 Feb 2026
2026-01-31,Lazcoin discount,MY100429,737068235,737068235-1,Stainless Straw Set,,-8.90,26 Jan 2026 - 01 Feb 2026
2026-01-31,Item Price Credit,MY100430,797966093,797966093-1,Cotton Tote Bag,,210.00,26 Jan 2026 - 01 Feb 2026
2026-01-31,Commission,MY100431,797966093,797966093-1,Cotton Tote Bag,,-9.45,26 Jan 2026 - 01 Feb 2026
2026-01-31,Payment Fee,MY100432,797966093,797966093-1,Cotton Tote Bag,,-6.87,26 Jan 2026 - 01 Feb 2026
2026-01-31,Promotional Charges Vouchers,MY100433,797966093,797966093-1,Cotton Tote Bag,,-10.50,26 Jan 2026 - 01 Feb 2026
2026-01-26,Item Price Credit,MY100434,726742388,726742388-1,Poly Mailer 100pcs,,12.90,26 Jan 2026 - 01 Feb 2026
2026-01-26,Commission,MY100435,726742388,726742388-1,Poly Mailer 100pcs,,-0.58,26 Jan 2026 - 01 Feb 2026
2026-01-26,Payment Fee,MY100436,726742388,726742388-1,Poly Mailer 100pcs,,-0.42,26 Jan 2026 - 01 Feb 2026
2026-01-26,Promotional Charges Flexi-Combo,MY100437,726742388,726742388-1,Poly Mailer 100pcs,,-1.29,26 Jan 2026 - 01 Feb 2026
2026-01-28,Reversal Item Price,MY100438,763075695,763075695-1,Cotton Tote Bag,Buyer returned item,-35.90,26 Jan 2026 - 01 Feb 2026
2026-01-28,Reversal Commission,MY100439,763075695,763075695-1,Cotton Tote Bag,,1.62,26 Jan 2026 - 01 Feb 2026
2026-01-28,Payment Fee Credit,MY100440,763075695,763075695-1,Cotton Tote Bag,,1.17,26 Jan 2026 - 01 Feb 2026
2026-01-28,Reversal Promotional Charges Vouchers,MY100441,763075695,763075695-1,Cotton Tote Bag,Reverses LCP Fee,1.79,26 Jan 2026 - 01 Feb 2026
2026-01-27,Reversal Item Price,MY100442,733815989,733815989-1,Stainless Straw Set,Buyer returned item,-19.50,26 Jan 2026 - 01 Feb 2026
2026-01-27,Reversal Commission,MY100443,733815989,733815989-1,Stainless Straw Set,,0.88,26 Jan 2026 - 01 Feb 2026
2026-01-27,Payment Fee Credit,MY100444,733815989,733815989-1,Stainless Straw Set,,0.64,26 Jan 2026 - 01 Feb 2026
2026-01-27,Reversal Promotional Charges Vouchers,MY100445,733815989,733815989-1,Stainless Straw Set,Reverses Lazcoin discount,1.95,26 Jan 2026 - 01 Feb 2026
2026-01-30,Reversal Item Price,MY100446,710352906,710352906-1,Stainless Straw Set,Buyer returned item,-89.00,26 Jan 2026 - 01 Feb 2026
2026-01-30,Reversal Commission,MY100447,710352906,710352906-1,Stainless Straw Set,,4.00,26 Jan 2026 - 01 Feb 2026
2026-01-30,Payment Fee Credit,MY100448,710352906,710352906-1,Stainless Straw Set,,2.91,26 Jan 2026 - 01 Feb 2026
2026-01-30,Reversal Promotional Charges Vouchers,MY100449,710352906,710352906-1,Stainless Straw Set,Reverses Promotional Charges Bundles,8.90,26 Jan 2026 - 01 Feb 2026
2026-01-30,Storage Fee,MY100450,,,,January warehouse storage,-18.40,26 Jan 2026 - 01 Feb 2026
2026-01-30,Pick Up Fee,MY100451,,,,,-4.20,26 Jan 2026 - 01 Feb 2026
2026-01-30,Inventory Storage Fees,MY100452,,,,FBL warehouse,-11.25,26 Jan 2026 - 01 Feb 2026
2026-01-31,DPP Service Fee,MY100453,,,,,-6.80,26 Jan 2026 - 01 Feb 2026
2026-01-31,Seller balance adjustments - Credit,MY100454,,,,Goodwill credit,22.15,26 Jan 2026 - 01 Feb 2026
2026-01-31,Seller balance adjustments - Debit,MY100455,,,,,-7.80,26 Jan 2026 - 01 Feb 2026
2026-01-31,Lazada Bonus,MY100456,,,,Seller incentive programme,15.00,26 Jan 2026 - 01 Feb 2026
2026-01-31,The fee that does not belong to the terms above,MY100457,,,,Unclassified platform charge,-5.60,26 Jan 2026 - 01 Feb 2026
2026-01-14,Reversal Item Price,MY100458,689114520,689114520-1,Ceramic Mug 350ml,Return for order settled in previous statement,-62.50,12 Jan 2026 - 18 Jan 2026
